<application>
  <component name="libraryTable">
    <library name="Bundled Protobuf Distribution">
      <CLASSES />
      <SOURCES>
        <root url="jar://$APPLICATION_PLUGINS_DIR$/protobuf-jetbrains-plugin/lib/protobuf-java-3.6.1-sources.jar!/" />
      </SOURCES>
    </library>
    <library name="Pipenv (agent-proxy) interpreter library">
      <CLASSES>
        <root url="file:///usr/local/opt/python/Frameworks/Python.framework/Versions/3.7/lib/python3.7" />
        <root url="file:///usr/local/opt/python/Frameworks/Python.framework/Versions/3.7/lib/python3.7/lib-dynload" />
        <root url="file://$USER_HOME$/.local/share/virtualenvs/agent-proxy-HOvuB5vo/lib/python3.7/site-packages" />
        <root url="file://$USER_HOME$/Library/Caches/GoLand2019.3/python_stubs/449562677" />
        <root url="file://$APPLICATION_PLUGINS_DIR$/python-ce/helpers/python-skeletons" />
        <root url="file://$APPLICATION_PLUGINS_DIR$/python-ce/helpers/typeshed/stdlib/3" />
        <root url="file://$APPLICATION_PLUGINS_DIR$/python-ce/helpers/typeshed/stdlib/2and3" />
        <root url="file://$APPLICATION_PLUGINS_DIR$/python-ce/helpers/typeshed/third_party/3" />
        <root url="file://$APPLICATION_PLUGINS_DIR$/python-ce/helpers/typeshed/third_party/2and3" />
      </CLASSES>
      <SOURCES>
        <root url="file:///usr/local/opt/python/Frameworks/Python.framework/Versions/3.7/lib/python3.7" />
        <root url="file:///usr/local/opt/python/Frameworks/Python.framework/Versions/3.7/lib/python3.7/lib-dynload" />
        <root url="file://$USER_HOME$/.local/share/virtualenvs/agent-proxy-HOvuB5vo/lib/python3.7/site-packages" />
        <root url="file://$USER_HOME$/Library/Caches/GoLand2019.3/python_stubs/449562677" />
        <root url="file://$APPLICATION_PLUGINS_DIR$/python-ce/helpers/python-skeletons" />
        <root url="file://$APPLICATION_PLUGINS_DIR$/python-ce/helpers/typeshed/stdlib/3" />
        <root url="file://$APPLICATION_PLUGINS_DIR$/python-ce/helpers/typeshed/stdlib/2and3" />
        <root url="file://$APPLICATION_PLUGINS_DIR$/python-ce/helpers/typeshed/third_party/3" />
        <root url="file://$APPLICATION_PLUGINS_DIR$/python-ce/helpers/typeshed/third_party/2and3" />
      </SOURCES>
    </library>
    <library name="Pipenv (agent-proxy) interpreter library">
      <CLASSES>
        <root url="file:///usr/local/opt/python/Frameworks/Python.framework/Versions/3.7/lib/python3.7" />
        <root url="file:///usr/local/opt/python/Frameworks/Python.framework/Versions/3.7/lib/python3.7/lib-dynload" />
        <root url="file://$USER_HOME$/.local/share/virtualenvs/agent-proxy-HOvuB5vo/lib/python3.7/site-packages" />
        <root url="file://$USER_HOME$/Library/Caches/JetBrains/GoLand2020.1/python_stubs/449562677" />
        <root url="file://$APPLICATION_PLUGINS_DIR$/python-ce/helpers/python-skeletons" />
        <root url="file://$APPLICATION_PLUGINS_DIR$/python-ce/helpers/typeshed/stdlib/3.7" />
        <root url="file://$APPLICATION_PLUGINS_DIR$/python-ce/helpers/typeshed/stdlib/3" />
        <root url="file://$APPLICATION_PLUGINS_DIR$/python-ce/helpers/typeshed/stdlib/2and3" />
        <root url="file://$APPLICATION_PLUGINS_DIR$/python-ce/helpers/typeshed/third_party/3" />
        <root url="file://$APPLICATION_PLUGINS_DIR$/python-ce/helpers/typeshed/third_party/2and3" />
      </CLASSES>
      <SOURCES>
        <root url="file:///usr/local/opt/python/Frameworks/Python.framework/Versions/3.7/lib/python3.7" />
        <root url="file:///usr/local/opt/python/Frameworks/Python.framework/Versions/3.7/lib/python3.7/lib-dynload" />
        <root url="file://$USER_HOME$/.local/share/virtualenvs/agent-proxy-HOvuB5vo/lib/python3.7/site-packages" />
        <root url="file://$USER_HOME$/Library/Caches/JetBrains/GoLand2020.1/python_stubs/449562677" />
        <root url="file://$APPLICATION_PLUGINS_DIR$/python-ce/helpers/python-skeletons" />
        <root url="file://$APPLICATION_PLUGINS_DIR$/python-ce/helpers/typeshed/stdlib/3.7" />
        <root url="file://$APPLICATION_PLUGINS_DIR$/python-ce/helpers/typeshed/stdlib/3" />
        <root url="file://$APPLICATION_PLUGINS_DIR$/python-ce/helpers/typeshed/stdlib/2and3" />
        <root url="file://$APPLICATION_PLUGINS_DIR$/python-ce/helpers/typeshed/third_party/3" />
        <root url="file://$APPLICATION_PLUGINS_DIR$/python-ce/helpers/typeshed/third_party/2and3" />
      </SOURCES>
    </library>
    <library name="Pipenv (agent-proxy) interpreter library">
      <CLASSES>
        <root url="file:///usr/local/opt/python/Frameworks/Python.framework/Versions/3.7/lib/python3.7" />
        <root url="file:///usr/local/opt/python/Frameworks/Python.framework/Versions/3.7/lib/python3.7/lib-dynload" />
        <root url="file://$USER_HOME$/.local/share/virtualenvs/agent-proxy-HOvuB5vo/lib/python3.7/site-packages" />
        <root url="file://$USER_HOME$/Library/Caches/JetBrains/GoLand2020.1/python_stubs/449562677" />
        <root url="file://$APPLICATION_PLUGINS_DIR$/python-ce/helpers/python-skeletons" />
        <root url="file://$APPLICATION_PLUGINS_DIR$/python-ce/helpers/typeshed/stdlib/3.7" />
        <root url="file://$APPLICATION_PLUGINS_DIR$/python-ce/helpers/typeshed/stdlib/3" />
        <root url="file://$APPLICATION_PLUGINS_DIR$/python-ce/helpers/typeshed/stdlib/2and3" />
        <root url="file://$APPLICATION_PLUGINS_DIR$/python-ce/helpers/typeshed/third_party/3" />
        <root url="file://$APPLICATION_PLUGINS_DIR$/python-ce/helpers/typeshed/third_party/2and3" />
      </CLASSES>
      <SOURCES>
        <root url="file:///usr/local/opt/python/Frameworks/Python.framework/Versions/3.7/lib/python3.7" />
        <root url="file:///usr/local/opt/python/Frameworks/Python.framework/Versions/3.7/lib/python3.7/lib-dynload" />
        <root url="file://$USER_HOME$/.local/share/virtualenvs/agent-proxy-HOvuB5vo/lib/python3.7/site-packages" />
        <root url="file://$USER_HOME$/Library/Caches/JetBrains/GoLand2020.1/python_stubs/449562677" />
        <root url="file://$APPLICATION_PLUGINS_DIR$/python-ce/helpers/python-skeletons" />
        <root url="file://$APPLICATION_PLUGINS_DIR$/python-ce/helpers/typeshed/stdlib/3.7" />
        <root url="file://$APPLICATION_PLUGINS_DIR$/python-ce/helpers/typeshed/stdlib/3" />
        <root url="file://$APPLICATION_PLUGINS_DIR$/python-ce/helpers/typeshed/stdlib/2and3" />
        <root url="file://$APPLICATION_PLUGINS_DIR$/python-ce/helpers/typeshed/third_party/3" />
        <root url="file://$APPLICATION_PLUGINS_DIR$/python-ce/helpers/typeshed/third_party/2and3" />
      </SOURCES>
    </library>
    <library name="Pipenv (agent-proxy) interpreter library">
      <CLASSES>
        <root url="file:///usr/local/opt/python/Frameworks/Python.framework/Versions/3.7/lib/python3.7" />
        <root url="file:///usr/local/opt/python/Frameworks/Python.framework/Versions/3.7/lib/python3.7/lib-dynload" />
        <root url="file://$USER_HOME$/.local/share/virtualenvs/agent-proxy-HOvuB5vo/lib/python3.7/site-packages" />
        <root url="file://$USER_HOME$/Library/Caches/JetBrains/GoLand2020.1/python_stubs/449562677" />
        <root url="file://$APPLICATION_PLUGINS_DIR$/python-ce/helpers/python-skeletons" />
        <root url="file://$APPLICATION_PLUGINS_DIR$/python-ce/helpers/typeshed/stdlib/3.7" />
        <root url="file://$APPLICATION_PLUGINS_DIR$/python-ce/helpers/typeshed/stdlib/3" />
        <root url="file://$APPLICATION_PLUGINS_DIR$/python-ce/helpers/typeshed/stdlib/2and3" />
        <root url="file://$APPLICATION_PLUGINS_DIR$/python-ce/helpers/typeshed/third_party/3" />
        <root url="file://$APPLICATION_PLUGINS_DIR$/python-ce/helpers/typeshed/third_party/2and3" />
      </CLASSES>
      <SOURCES>
        <root url="file:///usr/local/opt/python/Frameworks/Python.framework/Versions/3.7/lib/python3.7" />
        <root url="file:///usr/local/opt/python/Frameworks/Python.framework/Versions/3.7/lib/python3.7/lib-dynload" />
        <root url="file://$USER_HOME$/.local/share/virtualenvs/agent-proxy-HOvuB5vo/lib/python3.7/site-packages" />
        <root url="file://$USER_HOME$/Library/Caches/JetBrains/GoLand2020.1/python_stubs/449562677" />
        <root url="file://$APPLICATION_PLUGINS_DIR$/python-ce/helpers/python-skeletons" />
        <root url="file://$APPLICATION_PLUGINS_DIR$/python-ce/helpers/typeshed/stdlib/3.7" />
        <root url="file://$APPLICATION_PLUGINS_DIR$/python-ce/helpers/typeshed/stdlib/3" />
        <root url="file://$APPLICATION_PLUGINS_DIR$/python-ce/helpers/typeshed/stdlib/2and3" />
        <root url="file://$APPLICATION_PLUGINS_DIR$/python-ce/helpers/typeshed/third_party/3" />
        <root url="file://$APPLICATION_PLUGINS_DIR$/python-ce/helpers/typeshed/third_party/2and3" />
      </SOURCES>
    </library>
    <library name="Pipenv (agent-proxy) interpreter library">
      <CLASSES>
        <root url="file:///usr/local/opt/python/Frameworks/Python.framework/Versions/3.7/lib/python3.7" />
        <root url="file:///usr/local/opt/python/Frameworks/Python.framework/Versions/3.7/lib/python3.7/lib-dynload" />
        <root url="file://$USER_HOME$/.local/share/virtualenvs/agent-proxy-HOvuB5vo/lib/python3.7/site-packages" />
        <root url="file://$USER_HOME$/Library/Caches/JetBrains/GoLand2020.1/python_stubs/449562677" />
        <root url="file://$APPLICATION_PLUGINS_DIR$/python-ce/helpers/python-skeletons" />
        <root url="file://$APPLICATION_PLUGINS_DIR$/python-ce/helpers/typeshed/stdlib/3.7" />
        <root url="file://$APPLICATION_PLUGINS_DIR$/python-ce/helpers/typeshed/stdlib/3" />
        <root url="file://$APPLICATION_PLUGINS_DIR$/python-ce/helpers/typeshed/stdlib/2and3" />
        <root url="file://$APPLICATION_PLUGINS_DIR$/python-ce/helpers/typeshed/third_party/3" />
        <root url="file://$APPLICATION_PLUGINS_DIR$/python-ce/helpers/typeshed/third_party/2and3" />
      </CLASSES>
      <SOURCES>
        <root url="file:///usr/local/opt/python/Frameworks/Python.framework/Versions/3.7/lib/python3.7" />
        <root url="file:///usr/local/opt/python/Frameworks/Python.framework/Versions/3.7/lib/python3.7/lib-dynload" />
        <root url="file://$USER_HOME$/.local/share/virtualenvs/agent-proxy-HOvuB5vo/lib/python3.7/site-packages" />
        <root url="file://$USER_HOME$/Library/Caches/JetBrains/GoLand2020.1/python_stubs/449562677" />
        <root url="file://$APPLICATION_PLUGINS_DIR$/python-ce/helpers/python-skeletons" />
        <root url="file://$APPLICATION_PLUGINS_DIR$/python-ce/helpers/typeshed/stdlib/3.7" />
        <root url="file://$APPLICATION_PLUGINS_DIR$/python-ce/helpers/typeshed/stdlib/3" />
        <root url="file://$APPLICATION_PLUGINS_DIR$/python-ce/helpers/typeshed/stdlib/2and3" />
        <root url="file://$APPLICATION_PLUGINS_DIR$/python-ce/helpers/typeshed/third_party/3" />
        <root url="file://$APPLICATION_PLUGINS_DIR$/python-ce/helpers/typeshed/third_party/2and3" />
      </SOURCES>
    </library>
    <library name="Pipenv (agent-proxy) interpreter library">
      <CLASSES>
        <root url="file:///usr/local/opt/python/Frameworks/Python.framework/Versions/3.7/lib/python3.7" />
        <root url="file:///usr/local/opt/python/Frameworks/Python.framework/Versions/3.7/lib/python3.7/lib-dynload" />
        <root url="file://$USER_HOME$/.local/share/virtualenvs/agent-proxy-HOvuB5vo/lib/python3.7/site-packages" />
        <root url="file://$USER_HOME$/Library/Caches/JetBrains/GoLand2020.1/python_stubs/449562677" />
        <root url="file://$APPLICATION_PLUGINS_DIR$/python-ce/helpers/python-skeletons" />
        <root url="file://$APPLICATION_PLUGINS_DIR$/python-ce/helpers/typeshed/stdlib/3.7" />
        <root url="file://$APPLICATION_PLUGINS_DIR$/python-ce/helpers/typeshed/stdlib/3" />
        <root url="file://$APPLICATION_PLUGINS_DIR$/python-ce/helpers/typeshed/stdlib/2and3" />
        <root url="file://$APPLICATION_PLUGINS_DIR$/python-ce/helpers/typeshed/third_party/3" />
        <root url="file://$APPLICATION_PLUGINS_DIR$/python-ce/helpers/typeshed/third_party/2and3" />
      </CLASSES>
      <SOURCES>
        <root url="file:///usr/local/opt/python/Frameworks/Python.framework/Versions/3.7/lib/python3.7" />
        <root url="file:///usr/local/opt/python/Frameworks/Python.framework/Versions/3.7/lib/python3.7/lib-dynload" />
        <root url="file://$USER_HOME$/.local/share/virtualenvs/agent-proxy-HOvuB5vo/lib/python3.7/site-packages" />
        <root url="file://$USER_HOME$/Library/Caches/JetBrains/GoLand2020.1/python_stubs/449562677" />
        <root url="file://$APPLICATION_PLUGINS_DIR$/python-ce/helpers/python-skeletons" />
        <root url="file://$APPLICATION_PLUGINS_DIR$/python-ce/helpers/typeshed/stdlib/3.7" />
        <root url="file://$APPLICATION_PLUGINS_DIR$/python-ce/helpers/typeshed/stdlib/3" />
        <root url="file://$APPLICATION_PLUGINS_DIR$/python-ce/helpers/typeshed/stdlib/2and3" />
        <root url="file://$APPLICATION_PLUGINS_DIR$/python-ce/helpers/typeshed/third_party/3" />
        <root url="file://$APPLICATION_PLUGINS_DIR$/python-ce/helpers/typeshed/third_party/2and3" />
      </SOURCES>
    </library>
    <library name="Pipenv (agent-proxy) interpreter library">
      <CLASSES>
        <root url="file:///usr/local/opt/python/Frameworks/Python.framework/Versions/3.7/lib/python3.7" />
        <root url="file:///usr/local/opt/python/Frameworks/Python.framework/Versions/3.7/lib/python3.7/lib-dynload" />
        <root url="file://$USER_HOME$/.local/share/virtualenvs/agent-proxy-HOvuB5vo/lib/python3.7/site-packages" />
        <root url="file://$USER_HOME$/Library/Caches/JetBrains/GoLand2020.1/python_stubs/449562677" />
        <root url="file://$APPLICATION_PLUGINS_DIR$/python-ce/helpers/python-skeletons" />
        <root url="file://$APPLICATION_PLUGINS_DIR$/python-ce/helpers/typeshed/stdlib/3.7" />
        <root url="file://$APPLICATION_PLUGINS_DIR$/python-ce/helpers/typeshed/stdlib/3" />
        <root url="file://$APPLICATION_PLUGINS_DIR$/python-ce/helpers/typeshed/stdlib/2and3" />
        <root url="file://$APPLICATION_PLUGINS_DIR$/python-ce/helpers/typeshed/third_party/3" />
        <root url="file://$APPLICATION_PLUGINS_DIR$/python-ce/helpers/typeshed/third_party/2and3" />
      </CLASSES>
      <SOURCES>
        <root url="file:///usr/local/opt/python/Frameworks/Python.framework/Versions/3.7/lib/python3.7" />
        <root url="file:///usr/local/opt/python/Frameworks/Python.framework/Versions/3.7/lib/python3.7/lib-dynload" />
        <root url="file://$USER_HOME$/.local/share/virtualenvs/agent-proxy-HOvuB5vo/lib/python3.7/site-packages" />
        <root url="file://$USER_HOME$/Library/Caches/JetBrains/GoLand2020.1/python_stubs/449562677" />
        <root url="file://$APPLICATION_PLUGINS_DIR$/python-ce/helpers/python-skeletons" />
        <root url="file://$APPLICATION_PLUGINS_DIR$/python-ce/helpers/typeshed/stdlib/3.7" />
        <root url="file://$APPLICATION_PLUGINS_DIR$/python-ce/helpers/typeshed/stdlib/3" />
        <root url="file://$APPLICATION_PLUGINS_DIR$/python-ce/helpers/typeshed/stdlib/2and3" />
        <root url="file://$APPLICATION_PLUGINS_DIR$/python-ce/helpers/typeshed/third_party/3" />
        <root url="file://$APPLICATION_PLUGINS_DIR$/python-ce/helpers/typeshed/third_party/2and3" />
      </SOURCES>
    </library>
    <library name="Pipenv (agent-proxy) interpreter library">
      <CLASSES>
        <root url="file:///usr/local/opt/python/Frameworks/Python.framework/Versions/3.7/lib/python3.7" />
        <root url="file:///usr/local/opt/python/Frameworks/Python.framework/Versions/3.7/lib/python3.7/lib-dynload" />
        <root url="file://$USER_HOME$/.local/share/virtualenvs/agent-proxy-HOvuB5vo/lib/python3.7/site-packages" />
        <root url="file://$USER_HOME$/Library/Caches/JetBrains/GoLand2020.1/python_stubs/449562677" />
        <root url="file://$APPLICATION_PLUGINS_DIR$/python-ce/helpers/python-skeletons" />
        <root url="file://$APPLICATION_PLUGINS_DIR$/python-ce/helpers/typeshed/stdlib/3.7" />
        <root url="file://$APPLICATION_PLUGINS_DIR$/python-ce/helpers/typeshed/stdlib/3" />
        <root url="file://$APPLICATION_PLUGINS_DIR$/python-ce/helpers/typeshed/stdlib/2and3" />
        <root url="file://$APPLICATION_PLUGINS_DIR$/python-ce/helpers/typeshed/third_party/3" />
        <root url="file://$APPLICATION_PLUGINS_DIR$/python-ce/helpers/typeshed/third_party/2and3" />
      </CLASSES>
      <SOURCES>
        <root url="file:///usr/local/opt/python/Frameworks/Python.framework/Versions/3.7/lib/python3.7" />
        <root url="file:///usr/local/opt/python/Frameworks/Python.framework/Versions/3.7/lib/python3.7/lib-dynload" />
        <root url="file://$USER_HOME$/.local/share/virtualenvs/agent-proxy-HOvuB5vo/lib/python3.7/site-packages" />
        <root url="file://$USER_HOME$/Library/Caches/JetBrains/GoLand2020.1/python_stubs/449562677" />
        <root url="file://$APPLICATION_PLUGINS_DIR$/python-ce/helpers/python-skeletons" />
        <root url="file://$APPLICATION_PLUGINS_DIR$/python-ce/helpers/typeshed/stdlib/3.7" />
        <root url="file://$APPLICATION_PLUGINS_DIR$/python-ce/helpers/typeshed/stdlib/3" />
        <root url="file://$APPLICATION_PLUGINS_DIR$/python-ce/helpers/typeshed/stdlib/2and3" />
        <root url="file://$APPLICATION_PLUGINS_DIR$/python-ce/helpers/typeshed/third_party/3" />
        <root url="file://$APPLICATION_PLUGINS_DIR$/python-ce/helpers/typeshed/third_party/2and3" />
      </SOURCES>
    </library>
    <library name="Pipenv (agent-proxy) interpreter library">
      <CLASSES>
        <root url="file:///usr/local/opt/python/Frameworks/Python.framework/Versions/3.7/lib/python3.7" />
        <root url="file:///usr/local/opt/python/Frameworks/Python.framework/Versions/3.7/lib/python3.7/lib-dynload" />
        <root url="file://$USER_HOME$/.local/share/virtualenvs/agent-proxy-HOvuB5vo/lib/python3.7/site-packages" />
        <root url="file://$USER_HOME$/Library/Caches/JetBrains/GoLand2020.1/python_stubs/449562677" />
        <root url="file://$APPLICATION_PLUGINS_DIR$/python-ce/helpers/python-skeletons" />
        <root url="file://$APPLICATION_PLUGINS_DIR$/python-ce/helpers/typeshed/stdlib/3.7" />
        <root url="file://$APPLICATION_PLUGINS_DIR$/python-ce/helpers/typeshed/stdlib/3" />
        <root url="file://$APPLICATION_PLUGINS_DIR$/python-ce/helpers/typeshed/stdlib/2and3" />
        <root url="file://$APPLICATION_PLUGINS_DIR$/python-ce/helpers/typeshed/third_party/3" />
        <root url="file://$APPLICATION_PLUGINS_DIR$/python-ce/helpers/typeshed/third_party/2and3" />
      </CLASSES>
      <SOURCES>
        <root url="file:///usr/local/opt/python/Frameworks/Python.framework/Versions/3.7/lib/python3.7" />
        <root url="file:///usr/local/opt/python/Frameworks/Python.framework/Versions/3.7/lib/python3.7/lib-dynload" />
        <root url="file://$USER_HOME$/.local/share/virtualenvs/agent-proxy-HOvuB5vo/lib/python3.7/site-packages" />
        <root url="file://$USER_HOME$/Library/Caches/JetBrains/GoLand2020.1/python_stubs/449562677" />
        <root url="file://$APPLICATION_PLUGINS_DIR$/python-ce/helpers/python-skeletons" />
        <root url="file://$APPLICATION_PLUGINS_DIR$/python-ce/helpers/typeshed/stdlib/3.7" />
        <root url="file://$APPLICATION_PLUGINS_DIR$/python-ce/helpers/typeshed/stdlib/3" />
        <root url="file://$APPLICATION_PLUGINS_DIR$/python-ce/helpers/typeshed/stdlib/2and3" />
        <root url="file://$APPLICATION_PLUGINS_DIR$/python-ce/helpers/typeshed/third_party/3" />
        <root url="file://$APPLICATION_PLUGINS_DIR$/python-ce/helpers/typeshed/third_party/2and3" />
      </SOURCES>
    </library>
    <library name="Pipenv (agent-proxy) interpreter library">
      <CLASSES>
        <root url="file:///usr/local/opt/python/Frameworks/Python.framework/Versions/3.7/lib/python3.7" />
        <root url="file:///usr/local/opt/python/Frameworks/Python.framework/Versions/3.7/lib/python3.7/lib-dynload" />
        <root url="file://$USER_HOME$/.local/share/virtualenvs/agent-proxy-HOvuB5vo/lib/python3.7/site-packages" />
        <root url="file://$USER_HOME$/Library/Caches/JetBrains/GoLand2020.1/python_stubs/449562677" />
        <root url="file://$APPLICATION_PLUGINS_DIR$/python-ce/helpers/python-skeletons" />
        <root url="file://$APPLICATION_PLUGINS_DIR$/python-ce/helpers/typeshed/stdlib/3.7" />
        <root url="file://$APPLICATION_PLUGINS_DIR$/python-ce/helpers/typeshed/stdlib/3" />
        <root url="file://$APPLICATION_PLUGINS_DIR$/python-ce/helpers/typeshed/stdlib/2and3" />
        <root url="file://$APPLICATION_PLUGINS_DIR$/python-ce/helpers/typeshed/third_party/3" />
        <root url="file://$APPLICATION_PLUGINS_DIR$/python-ce/helpers/typeshed/third_party/2and3" />
      </CLASSES>
      <SOURCES>
        <root url="file:///usr/local/opt/python/Frameworks/Python.framework/Versions/3.7/lib/python3.7" />
        <root url="file:///usr/local/opt/python/Frameworks/Python.framework/Versions/3.7/lib/python3.7/lib-dynload" />
        <root url="file://$USER_HOME$/.local/share/virtualenvs/agent-proxy-HOvuB5vo/lib/python3.7/site-packages" />
        <root url="file://$USER_HOME$/Library/Caches/JetBrains/GoLand2020.1/python_stubs/449562677" />
        <root url="file://$APPLICATION_PLUGINS_DIR$/python-ce/helpers/python-skeletons" />
        <root url="file://$APPLICATION_PLUGINS_DIR$/python-ce/helpers/typeshed/stdlib/3.7" />
        <root url="file://$APPLICATION_PLUGINS_DIR$/python-ce/helpers/typeshed/stdlib/3" />
        <root url="file://$APPLICATION_PLUGINS_DIR$/python-ce/helpers/typeshed/stdlib/2and3" />
        <root url="file://$APPLICATION_PLUGINS_DIR$/python-ce/helpers/typeshed/third_party/3" />
        <root url="file://$APPLICATION_PLUGINS_DIR$/python-ce/helpers/typeshed/third_party/2and3" />
      </SOURCES>
    </library>
    <library name="Pipenv (agent-proxy) interpreter library">
      <CLASSES>
        <root url="file:///usr/local/opt/python/Frameworks/Python.framework/Versions/3.7/lib/python3.7" />
        <root url="file:///usr/local/opt/python/Frameworks/Python.framework/Versions/3.7/lib/python3.7/lib-dynload" />
        <root url="file://$USER_HOME$/.local/share/virtualenvs/agent-proxy-HOvuB5vo/lib/python3.7/site-packages" />
        <root url="file://$USER_HOME$/Library/Caches/JetBrains/GoLand2020.1/python_stubs/449562677" />
        <root url="file://$APPLICATION_PLUGINS_DIR$/python-ce/helpers/python-skeletons" />
        <root url="file://$APPLICATION_PLUGINS_DIR$/python-ce/helpers/typeshed/stdlib/3.7" />
        <root url="file://$APPLICATION_PLUGINS_DIR$/python-ce/helpers/typeshed/stdlib/3" />
        <root url="file://$APPLICATION_PLUGINS_DIR$/python-ce/helpers/typeshed/stdlib/2and3" />
        <root url="file://$APPLICATION_PLUGINS_DIR$/python-ce/helpers/typeshed/third_party/3" />
        <root url="file://$APPLICATION_PLUGINS_DIR$/python-ce/helpers/typeshed/third_party/2and3" />
      </CLASSES>
      <SOURCES>
        <root url="file:///usr/local/opt/python/Frameworks/Python.framework/Versions/3.7/lib/python3.7" />
        <root url="file:///usr/local/opt/python/Frameworks/Python.framework/Versions/3.7/lib/python3.7/lib-dynload" />
        <root url="file://$USER_HOME$/.local/share/virtualenvs/agent-proxy-HOvuB5vo/lib/python3.7/site-packages" />
        <root url="file://$USER_HOME$/Library/Caches/JetBrains/GoLand2020.1/python_stubs/449562677" />
        <root url="file://$APPLICATION_PLUGINS_DIR$/python-ce/helpers/python-skeletons" />
        <root url="file://$APPLICATION_PLUGINS_DIR$/python-ce/helpers/typeshed/stdlib/3.7" />
        <root url="file://$APPLICATION_PLUGINS_DIR$/python-ce/helpers/typeshed/stdlib/3" />
        <root url="file://$APPLICATION_PLUGINS_DIR$/python-ce/helpers/typeshed/stdlib/2and3" />
        <root url="file://$APPLICATION_PLUGINS_DIR$/python-ce/helpers/typeshed/third_party/3" />
        <root url="file://$APPLICATION_PLUGINS_DIR$/python-ce/helpers/typeshed/third_party/2and3" />
      </SOURCES>
    </library>
    <library name="Pipenv (agent-proxy) interpreter library">
      <CLASSES>
        <root url="file:///usr/local/opt/python/Frameworks/Python.framework/Versions/3.7/lib/python3.7" />
        <root url="file:///usr/local/opt/python/Frameworks/Python.framework/Versions/3.7/lib/python3.7/lib-dynload" />
        <root url="file://$USER_HOME$/.local/share/virtualenvs/agent-proxy-HOvuB5vo/lib/python3.7/site-packages" />
        <root url="file://$USER_HOME$/Library/Caches/JetBrains/GoLand2020.1/python_stubs/449562677" />
        <root url="file://$APPLICATION_PLUGINS_DIR$/python-ce/helpers/python-skeletons" />
        <root url="file://$APPLICATION_PLUGINS_DIR$/python-ce/helpers/typeshed/stdlib/3.7" />
        <root url="file://$APPLICATION_PLUGINS_DIR$/python-ce/helpers/typeshed/stdlib/3" />
        <root url="file://$APPLICATION_PLUGINS_DIR$/python-ce/helpers/typeshed/stdlib/2and3" />
        <root url="file://$APPLICATION_PLUGINS_DIR$/python-ce/helpers/typeshed/third_party/3" />
        <root url="file://$APPLICATION_PLUGINS_DIR$/python-ce/helpers/typeshed/third_party/2and3" />
      </CLASSES>
      <SOURCES>
        <root url="file:///usr/local/opt/python/Frameworks/Python.framework/Versions/3.7/lib/python3.7" />
        <root url="file:///usr/local/opt/python/Frameworks/Python.framework/Versions/3.7/lib/python3.7/lib-dynload" />
        <root url="file://$USER_HOME$/.local/share/virtualenvs/agent-proxy-HOvuB5vo/lib/python3.7/site-packages" />
        <root url="file://$USER_HOME$/Library/Caches/JetBrains/GoLand2020.1/python_stubs/449562677" />
        <root url="file://$APPLICATION_PLUGINS_DIR$/python-ce/helpers/python-skeletons" />
        <root url="file://$APPLICATION_PLUGINS_DIR$/python-ce/helpers/typeshed/stdlib/3.7" />
        <root url="file://$APPLICATION_PLUGINS_DIR$/python-ce/helpers/typeshed/stdlib/3" />
        <root url="file://$APPLICATION_PLUGINS_DIR$/python-ce/helpers/typeshed/stdlib/2and3" />
        <root url="file://$APPLICATION_PLUGINS_DIR$/python-ce/helpers/typeshed/third_party/3" />
        <root url="file://$APPLICATION_PLUGINS_DIR$/python-ce/helpers/typeshed/third_party/2and3" />
      </SOURCES>
    </library>
    <library name="Pipenv (automation-testing-engine) interpreter library">
      <CLASSES>
        <root url="file:///usr/local/opt/python/Frameworks/Python.framework/Versions/3.7/lib/python3.7" />
        <root url="file:///usr/local/opt/python/Frameworks/Python.framework/Versions/3.7/lib/python3.7/lib-dynload" />
        <root url="file://$USER_HOME$/.local/share/virtualenvs/automation-testing-engine-niwGT5cq/lib/python3.7/site-packages" />
        <root url="file://$USER_HOME$/Library/Caches/GoLand2019.3/python_stubs/511854428" />
        <root url="file://$APPLICATION_PLUGINS_DIR$/python-ce/helpers/python-skeletons" />
        <root url="file://$APPLICATION_PLUGINS_DIR$/python-ce/helpers/typeshed/stdlib/3" />
        <root url="file://$APPLICATION_PLUGINS_DIR$/python-ce/helpers/typeshed/stdlib/2and3" />
        <root url="file://$APPLICATION_PLUGINS_DIR$/python-ce/helpers/typeshed/third_party/3" />
        <root url="file://$APPLICATION_PLUGINS_DIR$/python-ce/helpers/typeshed/third_party/2and3" />
      </CLASSES>
      <SOURCES>
        <root url="file:///usr/local/opt/python/Frameworks/Python.framework/Versions/3.7/lib/python3.7" />
        <root url="file:///usr/local/opt/python/Frameworks/Python.framework/Versions/3.7/lib/python3.7/lib-dynload" />
        <root url="file://$USER_HOME$/.local/share/virtualenvs/automation-testing-engine-niwGT5cq/lib/python3.7/site-packages" />
        <root url="file://$USER_HOME$/Library/Caches/GoLand2019.3/python_stubs/511854428" />
        <root url="file://$APPLICATION_PLUGINS_DIR$/python-ce/helpers/python-skeletons" />
        <root url="file://$APPLICATION_PLUGINS_DIR$/python-ce/helpers/typeshed/stdlib/3" />
        <root url="file://$APPLICATION_PLUGINS_DIR$/python-ce/helpers/typeshed/stdlib/2and3" />
        <root url="file://$APPLICATION_PLUGINS_DIR$/python-ce/helpers/typeshed/third_party/3" />
        <root url="file://$APPLICATION_PLUGINS_DIR$/python-ce/helpers/typeshed/third_party/2and3" />
      </SOURCES>
    </library>
    <library name="Pipenv (automation-testing-engine) interpreter library">
      <CLASSES>
        <root url="file:///usr/local/opt/python/Frameworks/Python.framework/Versions/3.7/lib/python3.7" />
        <root url="file:///usr/local/opt/python/Frameworks/Python.framework/Versions/3.7/lib/python3.7/lib-dynload" />
        <root url="file://$USER_HOME$/.local/share/virtualenvs/automation-testing-engine-niwGT5cq/lib/python3.7/site-packages" />
        <root url="file://$USER_HOME$/Library/Caches/GoLand2019.3/python_stubs/511854428" />
        <root url="file://$APPLICATION_PLUGINS_DIR$/python-ce/helpers/python-skeletons" />
        <root url="file://$APPLICATION_PLUGINS_DIR$/python-ce/helpers/typeshed/stdlib/3" />
        <root url="file://$APPLICATION_PLUGINS_DIR$/python-ce/helpers/typeshed/stdlib/2and3" />
        <root url="file://$APPLICATION_PLUGINS_DIR$/python-ce/helpers/typeshed/third_party/3" />
        <root url="file://$APPLICATION_PLUGINS_DIR$/python-ce/helpers/typeshed/third_party/2and3" />
      </CLASSES>
      <SOURCES>
        <root url="file:///usr/local/opt/python/Frameworks/Python.framework/Versions/3.7/lib/python3.7" />
        <root url="file:///usr/local/opt/python/Frameworks/Python.framework/Versions/3.7/lib/python3.7/lib-dynload" />
        <root url="file://$USER_HOME$/.local/share/virtualenvs/automation-testing-engine-niwGT5cq/lib/python3.7/site-packages" />
        <root url="file://$USER_HOME$/Library/Caches/GoLand2019.3/python_stubs/511854428" />
        <root url="file://$APPLICATION_PLUGINS_DIR$/python-ce/helpers/python-skeletons" />
        <root url="file://$APPLICATION_PLUGINS_DIR$/python-ce/helpers/typeshed/stdlib/3" />
        <root url="file://$APPLICATION_PLUGINS_DIR$/python-ce/helpers/typeshed/stdlib/2and3" />
        <root url="file://$APPLICATION_PLUGINS_DIR$/python-ce/helpers/typeshed/third_party/3" />
        <root url="file://$APPLICATION_PLUGINS_DIR$/python-ce/helpers/typeshed/third_party/2and3" />
      </SOURCES>
    </library>
    <library name="Pipenv (automation-testing-engine) interpreter library">
      <CLASSES>
        <root url="file:///usr/local/opt/python/Frameworks/Python.framework/Versions/3.7/lib/python3.7" />
        <root url="file:///usr/local/opt/python/Frameworks/Python.framework/Versions/3.7/lib/python3.7/lib-dynload" />
        <root url="file://$USER_HOME$/.local/share/virtualenvs/automation-testing-engine-niwGT5cq/lib/python3.7/site-packages" />
        <root url="file://$USER_HOME$/Library/Caches/GoLand2019.3/python_stubs/511854428" />
        <root url="file://$APPLICATION_PLUGINS_DIR$/python-ce/helpers/python-skeletons" />
        <root url="file://$APPLICATION_PLUGINS_DIR$/python-ce/helpers/typeshed/stdlib/3" />
        <root url="file://$APPLICATION_PLUGINS_DIR$/python-ce/helpers/typeshed/stdlib/2and3" />
        <root url="file://$APPLICATION_PLUGINS_DIR$/python-ce/helpers/typeshed/third_party/3" />
        <root url="file://$APPLICATION_PLUGINS_DIR$/python-ce/helpers/typeshed/third_party/2and3" />
      </CLASSES>
      <SOURCES>
        <root url="file:///usr/local/opt/python/Frameworks/Python.framework/Versions/3.7/lib/python3.7" />
        <root url="file:///usr/local/opt/python/Frameworks/Python.framework/Versions/3.7/lib/python3.7/lib-dynload" />
        <root url="file://$USER_HOME$/.local/share/virtualenvs/automation-testing-engine-niwGT5cq/lib/python3.7/site-packages" />
        <root url="file://$USER_HOME$/Library/Caches/GoLand2019.3/python_stubs/511854428" />
        <root url="file://$APPLICATION_PLUGINS_DIR$/python-ce/helpers/python-skeletons" />
        <root url="file://$APPLICATION_PLUGINS_DIR$/python-ce/helpers/typeshed/stdlib/3" />
        <root url="file://$APPLICATION_PLUGINS_DIR$/python-ce/helpers/typeshed/stdlib/2and3" />
        <root url="file://$APPLICATION_PLUGINS_DIR$/python-ce/helpers/typeshed/third_party/3" />
        <root url="file://$APPLICATION_PLUGINS_DIR$/python-ce/helpers/typeshed/third_party/2and3" />
      </SOURCES>
    </library>
    <library name="Pipenv (automation-testing-engine) interpreter library">
      <CLASSES>
        <root url="file:///usr/local/opt/python/Frameworks/Python.framework/Versions/3.7/lib/python3.7" />
        <root url="file:///usr/local/opt/python/Frameworks/Python.framework/Versions/3.7/lib/python3.7/lib-dynload" />
        <root url="file://$USER_HOME$/.local/share/virtualenvs/automation-testing-engine-niwGT5cq/lib/python3.7/site-packages" />
        <root url="file://$USER_HOME$/Library/Caches/GoLand2019.3/python_stubs/511854428" />
        <root url="file://$APPLICATION_PLUGINS_DIR$/python-ce/helpers/python-skeletons" />
        <root url="file://$APPLICATION_PLUGINS_DIR$/python-ce/helpers/typeshed/stdlib/3" />
        <root url="file://$APPLICATION_PLUGINS_DIR$/python-ce/helpers/typeshed/stdlib/2and3" />
        <root url="file://$APPLICATION_PLUGINS_DIR$/python-ce/helpers/typeshed/third_party/3" />
        <root url="file://$APPLICATION_PLUGINS_DIR$/python-ce/helpers/typeshed/third_party/2and3" />
      </CLASSES>
      <SOURCES>
        <root url="file:///usr/local/opt/python/Frameworks/Python.framework/Versions/3.7/lib/python3.7" />
        <root url="file:///usr/local/opt/python/Frameworks/Python.framework/Versions/3.7/lib/python3.7/lib-dynload" />
        <root url="file://$USER_HOME$/.local/share/virtualenvs/automation-testing-engine-niwGT5cq/lib/python3.7/site-packages" />
        <root url="file://$USER_HOME$/Library/Caches/GoLand2019.3/python_stubs/511854428" />
        <root url="file://$APPLICATION_PLUGINS_DIR$/python-ce/helpers/python-skeletons" />
        <root url="file://$APPLICATION_PLUGINS_DIR$/python-ce/helpers/typeshed/stdlib/3" />
        <root url="file://$APPLICATION_PLUGINS_DIR$/python-ce/helpers/typeshed/stdlib/2and3" />
        <root url="file://$APPLICATION_PLUGINS_DIR$/python-ce/helpers/typeshed/third_party/3" />
        <root url="file://$APPLICATION_PLUGINS_DIR$/python-ce/helpers/typeshed/third_party/2and3" />
      </SOURCES>
    </library>
    <library name="Pipenv (automation-testing-engine) interpreter library">
      <CLASSES>
        <root url="file:///usr/local/opt/python/Frameworks/Python.framework/Versions/3.7/lib/python3.7" />
        <root url="file:///usr/local/opt/python/Frameworks/Python.framework/Versions/3.7/lib/python3.7/lib-dynload" />
        <root url="file://$USER_HOME$/.local/share/virtualenvs/automation-testing-engine-niwGT5cq/lib/python3.7/site-packages" />
        <root url="file://$USER_HOME$/Library/Caches/GoLand2019.3/python_stubs/511854428" />
        <root url="file://$APPLICATION_PLUGINS_DIR$/python-ce/helpers/python-skeletons" />
        <root url="file://$APPLICATION_PLUGINS_DIR$/python-ce/helpers/typeshed/stdlib/3" />
        <root url="file://$APPLICATION_PLUGINS_DIR$/python-ce/helpers/typeshed/stdlib/2and3" />
        <root url="file://$APPLICATION_PLUGINS_DIR$/python-ce/helpers/typeshed/third_party/3" />
        <root url="file://$APPLICATION_PLUGINS_DIR$/python-ce/helpers/typeshed/third_party/2and3" />
      </CLASSES>
      <SOURCES>
        <root url="file:///usr/local/opt/python/Frameworks/Python.framework/Versions/3.7/lib/python3.7" />
        <root url="file:///usr/local/opt/python/Frameworks/Python.framework/Versions/3.7/lib/python3.7/lib-dynload" />
        <root url="file://$USER_HOME$/.local/share/virtualenvs/automation-testing-engine-niwGT5cq/lib/python3.7/site-packages" />
        <root url="file://$USER_HOME$/Library/Caches/GoLand2019.3/python_stubs/511854428" />
        <root url="file://$APPLICATION_PLUGINS_DIR$/python-ce/helpers/python-skeletons" />
        <root url="file://$APPLICATION_PLUGINS_DIR$/python-ce/helpers/typeshed/stdlib/3" />
        <root url="file://$APPLICATION_PLUGINS_DIR$/python-ce/helpers/typeshed/stdlib/2and3" />
        <root url="file://$APPLICATION_PLUGINS_DIR$/python-ce/helpers/typeshed/third_party/3" />
        <root url="file://$APPLICATION_PLUGINS_DIR$/python-ce/helpers/typeshed/third_party/2and3" />
      </SOURCES>
    </library>
    <library name="Pipenv (automation-testing-engine) interpreter library">
      <CLASSES>
        <root url="file:///usr/local/opt/python/Frameworks/Python.framework/Versions/3.7/lib/python3.7" />
        <root url="file:///usr/local/opt/python/Frameworks/Python.framework/Versions/3.7/lib/python3.7/lib-dynload" />
        <root url="file://$USER_HOME$/.local/share/virtualenvs/automation-testing-engine-niwGT5cq/lib/python3.7/site-packages" />
        <root url="file://$USER_HOME$/Library/Caches/GoLand2019.3/python_stubs/511854428" />
        <root url="file://$APPLICATION_PLUGINS_DIR$/python-ce/helpers/python-skeletons" />
        <root url="file://$APPLICATION_PLUGINS_DIR$/python-ce/helpers/typeshed/stdlib/3" />
        <root url="file://$APPLICATION_PLUGINS_DIR$/python-ce/helpers/typeshed/stdlib/2and3" />
        <root url="file://$APPLICATION_PLUGINS_DIR$/python-ce/helpers/typeshed/third_party/3" />
        <root url="file://$APPLICATION_PLUGINS_DIR$/python-ce/helpers/typeshed/third_party/2and3" />
      </CLASSES>
      <SOURCES>
        <root url="file:///usr/local/opt/python/Frameworks/Python.framework/Versions/3.7/lib/python3.7" />
        <root url="file:///usr/local/opt/python/Frameworks/Python.framework/Versions/3.7/lib/python3.7/lib-dynload" />
        <root url="file://$USER_HOME$/.local/share/virtualenvs/automation-testing-engine-niwGT5cq/lib/python3.7/site-packages" />
        <root url="file://$USER_HOME$/Library/Caches/GoLand2019.3/python_stubs/511854428" />
        <root url="file://$APPLICATION_PLUGINS_DIR$/python-ce/helpers/python-skeletons" />
        <root url="file://$APPLICATION_PLUGINS_DIR$/python-ce/helpers/typeshed/stdlib/3" />
        <root url="file://$APPLICATION_PLUGINS_DIR$/python-ce/helpers/typeshed/stdlib/2and3" />
        <root url="file://$APPLICATION_PLUGINS_DIR$/python-ce/helpers/typeshed/third_party/3" />
        <root url="file://$APPLICATION_PLUGINS_DIR$/python-ce/helpers/typeshed/third_party/2and3" />
      </SOURCES>
    </library>
    <library name="Pipenv (automation-testing-engine) interpreter library">
      <CLASSES>
        <root url="file:///usr/local/opt/python/Frameworks/Python.framework/Versions/3.7/lib/python3.7" />
        <root url="file:///usr/local/opt/python/Frameworks/Python.framework/Versions/3.7/lib/python3.7/lib-dynload" />
        <root url="file://$USER_HOME$/.local/share/virtualenvs/automation-testing-engine-niwGT5cq/lib/python3.7/site-packages" />
        <root url="file://$USER_HOME$/Library/Caches/GoLand2019.3/python_stubs/511854428" />
        <root url="file://$APPLICATION_PLUGINS_DIR$/python-ce/helpers/python-skeletons" />
        <root url="file://$APPLICATION_PLUGINS_DIR$/python-ce/helpers/typeshed/stdlib/3" />
        <root url="file://$APPLICATION_PLUGINS_DIR$/python-ce/helpers/typeshed/stdlib/2and3" />
        <root url="file://$APPLICATION_PLUGINS_DIR$/python-ce/helpers/typeshed/third_party/3" />
        <root url="file://$APPLICATION_PLUGINS_DIR$/python-ce/helpers/typeshed/third_party/2and3" />
      </CLASSES>
      <SOURCES>
        <root url="file:///usr/local/opt/python/Frameworks/Python.framework/Versions/3.7/lib/python3.7" />
        <root url="file:///usr/local/opt/python/Frameworks/Python.framework/Versions/3.7/lib/python3.7/lib-dynload" />
        <root url="file://$USER_HOME$/.local/share/virtualenvs/automation-testing-engine-niwGT5cq/lib/python3.7/site-packages" />
        <root url="file://$USER_HOME$/Library/Caches/GoLand2019.3/python_stubs/511854428" />
        <root url="file://$APPLICATION_PLUGINS_DIR$/python-ce/helpers/python-skeletons" />
        <root url="file://$APPLICATION_PLUGINS_DIR$/python-ce/helpers/typeshed/stdlib/3" />
        <root url="file://$APPLICATION_PLUGINS_DIR$/python-ce/helpers/typeshed/stdlib/2and3" />
        <root url="file://$APPLICATION_PLUGINS_DIR$/python-ce/helpers/typeshed/third_party/3" />
        <root url="file://$APPLICATION_PLUGINS_DIR$/python-ce/helpers/typeshed/third_party/2and3" />
      </SOURCES>
    </library>
    <library name="Pipenv (automation-testing-engine) interpreter library">
      <CLASSES>
        <root url="file:///usr/local/opt/python/Frameworks/Python.framework/Versions/3.7/lib/python3.7" />
        <root url="file:///usr/local/opt/python/Frameworks/Python.framework/Versions/3.7/lib/python3.7/lib-dynload" />
        <root url="file://$USER_HOME$/.local/share/virtualenvs/automation-testing-engine-niwGT5cq/lib/python3.7/site-packages" />
        <root url="file://$USER_HOME$/Library/Caches/GoLand2019.3/python_stubs/511854428" />
        <root url="file://$APPLICATION_PLUGINS_DIR$/python-ce/helpers/python-skeletons" />
        <root url="file://$APPLICATION_PLUGINS_DIR$/python-ce/helpers/typeshed/stdlib/3" />
        <root url="file://$APPLICATION_PLUGINS_DIR$/python-ce/helpers/typeshed/stdlib/2and3" />
        <root url="file://$APPLICATION_PLUGINS_DIR$/python-ce/helpers/typeshed/third_party/3" />
        <root url="file://$APPLICATION_PLUGINS_DIR$/python-ce/helpers/typeshed/third_party/2and3" />
      </CLASSES>
      <SOURCES>
        <root url="file:///usr/local/opt/python/Frameworks/Python.framework/Versions/3.7/lib/python3.7" />
        <root url="file:///usr/local/opt/python/Frameworks/Python.framework/Versions/3.7/lib/python3.7/lib-dynload" />
        <root url="file://$USER_HOME$/.local/share/virtualenvs/automation-testing-engine-niwGT5cq/lib/python3.7/site-packages" />
        <root url="file://$USER_HOME$/Library/Caches/GoLand2019.3/python_stubs/511854428" />
        <root url="file://$APPLICATION_PLUGINS_DIR$/python-ce/helpers/python-skeletons" />
        <root url="file://$APPLICATION_PLUGINS_DIR$/python-ce/helpers/typeshed/stdlib/3" />
        <root url="file://$APPLICATION_PLUGINS_DIR$/python-ce/helpers/typeshed/stdlib/2and3" />
        <root url="file://$APPLICATION_PLUGINS_DIR$/python-ce/helpers/typeshed/third_party/3" />
        <root url="file://$APPLICATION_PLUGINS_DIR$/python-ce/helpers/typeshed/third_party/2and3" />
      </SOURCES>
    </library>
    <library name="Pipenv (automation-testing-engine) interpreter library">
      <CLASSES>
        <root url="file:///usr/local/opt/python/Frameworks/Python.framework/Versions/3.7/lib/python3.7" />
        <root url="file:///usr/local/opt/python/Frameworks/Python.framework/Versions/3.7/lib/python3.7/lib-dynload" />
        <root url="file://$USER_HOME$/.local/share/virtualenvs/automation-testing-engine-niwGT5cq/lib/python3.7/site-packages" />
        <root url="file://$USER_HOME$/Library/Caches/GoLand2019.3/python_stubs/511854428" />
        <root url="file://$APPLICATION_PLUGINS_DIR$/python-ce/helpers/python-skeletons" />
        <root url="file://$APPLICATION_PLUGINS_DIR$/python-ce/helpers/typeshed/stdlib/3" />
        <root url="file://$APPLICATION_PLUGINS_DIR$/python-ce/helpers/typeshed/stdlib/2and3" />
        <root url="file://$APPLICATION_PLUGINS_DIR$/python-ce/helpers/typeshed/third_party/3" />
        <root url="file://$APPLICATION_PLUGINS_DIR$/python-ce/helpers/typeshed/third_party/2and3" />
      </CLASSES>
      <SOURCES>
        <root url="file:///usr/local/opt/python/Frameworks/Python.framework/Versions/3.7/lib/python3.7" />
        <root url="file:///usr/local/opt/python/Frameworks/Python.framework/Versions/3.7/lib/python3.7/lib-dynload" />
        <root url="file://$USER_HOME$/.local/share/virtualenvs/automation-testing-engine-niwGT5cq/lib/python3.7/site-packages" />
        <root url="file://$USER_HOME$/Library/Caches/GoLand2019.3/python_stubs/511854428" />
        <root url="file://$APPLICATION_PLUGINS_DIR$/python-ce/helpers/python-skeletons" />
        <root url="file://$APPLICATION_PLUGINS_DIR$/python-ce/helpers/typeshed/stdlib/3" />
        <root url="file://$APPLICATION_PLUGINS_DIR$/python-ce/helpers/typeshed/stdlib/2and3" />
        <root url="file://$APPLICATION_PLUGINS_DIR$/python-ce/helpers/typeshed/third_party/3" />
        <root url="file://$APPLICATION_PLUGINS_DIR$/python-ce/helpers/typeshed/third_party/2and3" />
      </SOURCES>
    </library>
    <library name="Pipenv (automation-testing-engine) interpreter library">
      <CLASSES>
        <root url="file:///usr/local/opt/python/Frameworks/Python.framework/Versions/3.7/lib/python3.7" />
        <root url="file:///usr/local/opt/python/Frameworks/Python.framework/Versions/3.7/lib/python3.7/lib-dynload" />
        <root url="file://$USER_HOME$/.local/share/virtualenvs/automation-testing-engine-niwGT5cq/lib/python3.7/site-packages" />
        <root url="file://$USER_HOME$/Library/Caches/GoLand2019.3/python_stubs/511854428" />
        <root url="file://$APPLICATION_PLUGINS_DIR$/python-ce/helpers/python-skeletons" />
        <root url="file://$APPLICATION_PLUGINS_DIR$/python-ce/helpers/typeshed/stdlib/3" />
        <root url="file://$APPLICATION_PLUGINS_DIR$/python-ce/helpers/typeshed/stdlib/2and3" />
        <root url="file://$APPLICATION_PLUGINS_DIR$/python-ce/helpers/typeshed/third_party/3" />
        <root url="file://$APPLICATION_PLUGINS_DIR$/python-ce/helpers/typeshed/third_party/2and3" />
      </CLASSES>
      <SOURCES>
        <root url="file:///usr/local/opt/python/Frameworks/Python.framework/Versions/3.7/lib/python3.7" />
        <root url="file:///usr/local/opt/python/Frameworks/Python.framework/Versions/3.7/lib/python3.7/lib-dynload" />
        <root url="file://$USER_HOME$/.local/share/virtualenvs/automation-testing-engine-niwGT5cq/lib/python3.7/site-packages" />
        <root url="file://$USER_HOME$/Library/Caches/GoLand2019.3/python_stubs/511854428" />
        <root url="file://$APPLICATION_PLUGINS_DIR$/python-ce/helpers/python-skeletons" />
        <root url="file://$APPLICATION_PLUGINS_DIR$/python-ce/helpers/typeshed/stdlib/3" />
        <root url="file://$APPLICATION_PLUGINS_DIR$/python-ce/helpers/typeshed/stdlib/2and3" />
        <root url="file://$APPLICATION_PLUGINS_DIR$/python-ce/helpers/typeshed/third_party/3" />
        <root url="file://$APPLICATION_PLUGINS_DIR$/python-ce/helpers/typeshed/third_party/2and3" />
      </SOURCES>
    </library>
    <library name="Pipenv (automation-testing-engine) interpreter library">
      <CLASSES>
        <root url="file:///usr/local/opt/python/Frameworks/Python.framework/Versions/3.7/lib/python3.7" />
        <root url="file:///usr/local/opt/python/Frameworks/Python.framework/Versions/3.7/lib/python3.7/lib-dynload" />
        <root url="file://$USER_HOME$/.local/share/virtualenvs/automation-testing-engine-niwGT5cq/lib/python3.7/site-packages" />
        <root url="file://$USER_HOME$/Library/Caches/GoLand2019.3/python_stubs/511854428" />
        <root url="file://$APPLICATION_PLUGINS_DIR$/python-ce/helpers/python-skeletons" />
        <root url="file://$APPLICATION_PLUGINS_DIR$/python-ce/helpers/typeshed/stdlib/3" />
        <root url="file://$APPLICATION_PLUGINS_DIR$/python-ce/helpers/typeshed/stdlib/2and3" />
        <root url="file://$APPLICATION_PLUGINS_DIR$/python-ce/helpers/typeshed/third_party/3" />
        <root url="file://$APPLICATION_PLUGINS_DIR$/python-ce/helpers/typeshed/third_party/2and3" />
      </CLASSES>
      <SOURCES>
        <root url="file:///usr/local/opt/python/Frameworks/Python.framework/Versions/3.7/lib/python3.7" />
        <root url="file:///usr/local/opt/python/Frameworks/Python.framework/Versions/3.7/lib/python3.7/lib-dynload" />
        <root url="file://$USER_HOME$/.local/share/virtualenvs/automation-testing-engine-niwGT5cq/lib/python3.7/site-packages" />
        <root url="file://$USER_HOME$/Library/Caches/GoLand2019.3/python_stubs/511854428" />
        <root url="file://$APPLICATION_PLUGINS_DIR$/python-ce/helpers/python-skeletons" />
        <root url="file://$APPLICATION_PLUGINS_DIR$/python-ce/helpers/typeshed/stdlib/3" />
        <root url="file://$APPLICATION_PLUGINS_DIR$/python-ce/helpers/typeshed/stdlib/2and3" />
        <root url="file://$APPLICATION_PLUGINS_DIR$/python-ce/helpers/typeshed/third_party/3" />
        <root url="file://$APPLICATION_PLUGINS_DIR$/python-ce/helpers/typeshed/third_party/2and3" />
      </SOURCES>
    </library>
    <library name="Pipenv (automation-testing-engine) interpreter library">
      <CLASSES>
        <root url="file:///usr/local/opt/python/Frameworks/Python.framework/Versions/3.7/lib/python3.7" />
        <root url="file:///usr/local/opt/python/Frameworks/Python.framework/Versions/3.7/lib/python3.7/lib-dynload" />
        <root url="file://$USER_HOME$/.local/share/virtualenvs/automation-testing-engine-niwGT5cq/lib/python3.7/site-packages" />
        <root url="file://$USER_HOME$/Library/Caches/GoLand2019.3/python_stubs/511854428" />
        <root url="file://$APPLICATION_PLUGINS_DIR$/python-ce/helpers/python-skeletons" />
        <root url="file://$APPLICATION_PLUGINS_DIR$/python-ce/helpers/typeshed/stdlib/3" />
        <root url="file://$APPLICATION_PLUGINS_DIR$/python-ce/helpers/typeshed/stdlib/2and3" />
        <root url="file://$APPLICATION_PLUGINS_DIR$/python-ce/helpers/typeshed/third_party/3" />
        <root url="file://$APPLICATION_PLUGINS_DIR$/python-ce/helpers/typeshed/third_party/2and3" />
      </CLASSES>
      <SOURCES>
        <root url="file:///usr/local/opt/python/Frameworks/Python.framework/Versions/3.7/lib/python3.7" />
        <root url="file:///usr/local/opt/python/Frameworks/Python.framework/Versions/3.7/lib/python3.7/lib-dynload" />
        <root url="file://$USER_HOME$/.local/share/virtualenvs/automation-testing-engine-niwGT5cq/lib/python3.7/site-packages" />
        <root url="file://$USER_HOME$/Library/Caches/GoLand2019.3/python_stubs/511854428" />
        <root url="file://$APPLICATION_PLUGINS_DIR$/python-ce/helpers/python-skeletons" />
        <root url="file://$APPLICATION_PLUGINS_DIR$/python-ce/helpers/typeshed/stdlib/3" />
        <root url="file://$APPLICATION_PLUGINS_DIR$/python-ce/helpers/typeshed/stdlib/2and3" />
        <root url="file://$APPLICATION_PLUGINS_DIR$/python-ce/helpers/typeshed/third_party/3" />
        <root url="file://$APPLICATION_PLUGINS_DIR$/python-ce/helpers/typeshed/third_party/2and3" />
      </SOURCES>
    </library>
    <library name="Pipenv (automation-testing-engine) interpreter library">
      <CLASSES>
        <root url="file:///usr/local/opt/python/Frameworks/Python.framework/Versions/3.7/lib/python3.7" />
        <root url="file:///usr/local/opt/python/Frameworks/Python.framework/Versions/3.7/lib/python3.7/lib-dynload" />
        <root url="file://$USER_HOME$/.local/share/virtualenvs/automation-testing-engine-niwGT5cq/lib/python3.7/site-packages" />
        <root url="file://$USER_HOME$/Library/Caches/GoLand2019.3/python_stubs/511854428" />
        <root url="file://$APPLICATION_PLUGINS_DIR$/python-ce/helpers/python-skeletons" />
        <root url="file://$APPLICATION_PLUGINS_DIR$/python-ce/helpers/typeshed/stdlib/3" />
        <root url="file://$APPLICATION_PLUGINS_DIR$/python-ce/helpers/typeshed/stdlib/2and3" />
        <root url="file://$APPLICATION_PLUGINS_DIR$/python-ce/helpers/typeshed/third_party/3" />
        <root url="file://$APPLICATION_PLUGINS_DIR$/python-ce/helpers/typeshed/third_party/2and3" />
      </CLASSES>
      <SOURCES>
        <root url="file:///usr/local/opt/python/Frameworks/Python.framework/Versions/3.7/lib/python3.7" />
        <root url="file:///usr/local/opt/python/Frameworks/Python.framework/Versions/3.7/lib/python3.7/lib-dynload" />
        <root url="file://$USER_HOME$/.local/share/virtualenvs/automation-testing-engine-niwGT5cq/lib/python3.7/site-packages" />
        <root url="file://$USER_HOME$/Library/Caches/GoLand2019.3/python_stubs/511854428" />
        <root url="file://$APPLICATION_PLUGINS_DIR$/python-ce/helpers/python-skeletons" />
        <root url="file://$APPLICATION_PLUGINS_DIR$/python-ce/helpers/typeshed/stdlib/3" />
        <root url="file://$APPLICATION_PLUGINS_DIR$/python-ce/helpers/typeshed/stdlib/2and3" />
        <root url="file://$APPLICATION_PLUGINS_DIR$/python-ce/helpers/typeshed/third_party/3" />
        <root url="file://$APPLICATION_PLUGINS_DIR$/python-ce/helpers/typeshed/third_party/2and3" />
      </SOURCES>
    </library>
    <library name="Pipenv (automation-testing-engine) interpreter library">
      <CLASSES>
        <root url="file:///usr/local/opt/python/Frameworks/Python.framework/Versions/3.7/lib/python3.7" />
        <root url="file:///usr/local/opt/python/Frameworks/Python.framework/Versions/3.7/lib/python3.7/lib-dynload" />
        <root url="file://$USER_HOME$/.local/share/virtualenvs/automation-testing-engine-niwGT5cq/lib/python3.7/site-packages" />
        <root url="file://$USER_HOME$/Library/Caches/GoLand2019.3/python_stubs/511854428" />
        <root url="file://$APPLICATION_PLUGINS_DIR$/python-ce/helpers/python-skeletons" />
        <root url="file://$APPLICATION_PLUGINS_DIR$/python-ce/helpers/typeshed/stdlib/3" />
        <root url="file://$APPLICATION_PLUGINS_DIR$/python-ce/helpers/typeshed/stdlib/2and3" />
        <root url="file://$APPLICATION_PLUGINS_DIR$/python-ce/helpers/typeshed/third_party/3" />
        <root url="file://$APPLICATION_PLUGINS_DIR$/python-ce/helpers/typeshed/third_party/2and3" />
      </CLASSES>
      <SOURCES>
        <root url="file:///usr/local/opt/python/Frameworks/Python.framework/Versions/3.7/lib/python3.7" />
        <root url="file:///usr/local/opt/python/Frameworks/Python.framework/Versions/3.7/lib/python3.7/lib-dynload" />
        <root url="file://$USER_HOME$/.local/share/virtualenvs/automation-testing-engine-niwGT5cq/lib/python3.7/site-packages" />
        <root url="file://$USER_HOME$/Library/Caches/GoLand2019.3/python_stubs/511854428" />
        <root url="file://$APPLICATION_PLUGINS_DIR$/python-ce/helpers/python-skeletons" />
        <root url="file://$APPLICATION_PLUGINS_DIR$/python-ce/helpers/typeshed/stdlib/3" />
        <root url="file://$APPLICATION_PLUGINS_DIR$/python-ce/helpers/typeshed/stdlib/2and3" />
        <root url="file://$APPLICATION_PLUGINS_DIR$/python-ce/helpers/typeshed/third_party/3" />
        <root url="file://$APPLICATION_PLUGINS_DIR$/python-ce/helpers/typeshed/third_party/2and3" />
      </SOURCES>
    </library>
    <library name="Python 3.7 (agent-proxy) interpreter library">
      <CLASSES>
        <root url="file:///usr/local/Cellar/python/3.7.7/Frameworks/Python.framework/Versions/3.7/lib/python3.7" />
        <root url="file:///usr/local/Cellar/python/3.7.7/Frameworks/Python.framework/Versions/3.7/lib/python3.7/lib-dynload" />
        <root url="file://$USER_HOME$/agent-proxy/venv/lib/python3.7/site-packages" />
        <root url="jar://$USER_HOME$/agent-proxy/venv/lib/python3.7/site-packages/setuptools-40.8.0-py3.7.egg!/" />
        <root url="file://$USER_HOME$/agent-proxy/venv/lib/python3.7/site-packages/pip-19.0.3-py3.7.egg" />
        <root url="file://$USER_HOME$/Library/Caches/GoLand2019.3/python_stubs/1930398936" />
        <root url="file://$APPLICATION_PLUGINS_DIR$/python-ce/helpers/python-skeletons" />
        <root url="file://$APPLICATION_PLUGINS_DIR$/python-ce/helpers/typeshed/stdlib/3" />
        <root url="file://$APPLICATION_PLUGINS_DIR$/python-ce/helpers/typeshed/stdlib/2and3" />
        <root url="file://$APPLICATION_PLUGINS_DIR$/python-ce/helpers/typeshed/third_party/3" />
        <root url="file://$APPLICATION_PLUGINS_DIR$/python-ce/helpers/typeshed/third_party/2and3" />
      </CLASSES>
      <SOURCES>
        <root url="file:///usr/local/Cellar/python/3.7.7/Frameworks/Python.framework/Versions/3.7/lib/python3.7" />
        <root url="file:///usr/local/Cellar/python/3.7.7/Frameworks/Python.framework/Versions/3.7/lib/python3.7/lib-dynload" />
        <root url="file://$USER_HOME$/agent-proxy/venv/lib/python3.7/site-packages" />
        <root url="jar://$USER_HOME$/agent-proxy/venv/lib/python3.7/site-packages/setuptools-40.8.0-py3.7.egg!/" />
        <root url="file://$USER_HOME$/agent-proxy/venv/lib/python3.7/site-packages/pip-19.0.3-py3.7.egg" />
        <root url="file://$USER_HOME$/Library/Caches/GoLand2019.3/python_stubs/1930398936" />
        <root url="file://$APPLICATION_PLUGINS_DIR$/python-ce/helpers/python-skeletons" />
        <root url="file://$APPLICATION_PLUGINS_DIR$/python-ce/helpers/typeshed/stdlib/3" />
        <root url="file://$APPLICATION_PLUGINS_DIR$/python-ce/helpers/typeshed/stdlib/2and3" />
        <root url="file://$APPLICATION_PLUGINS_DIR$/python-ce/helpers/typeshed/third_party/3" />
        <root url="file://$APPLICATION_PLUGINS_DIR$/python-ce/helpers/typeshed/third_party/2and3" />
      </SOURCES>
    </library>
    <library name="Python 3.7 (agent-proxy) interpreter library">
      <CLASSES>
        <root url="file:///usr/local/Cellar/python/3.7.7/Frameworks/Python.framework/Versions/3.7/lib/python3.7" />
        <root url="file:///usr/local/Cellar/python/3.7.7/Frameworks/Python.framework/Versions/3.7/lib/python3.7/lib-dynload" />
        <root url="file://$USER_HOME$/agent-proxy/venv/lib/python3.7/site-packages" />
        <root url="jar://$USER_HOME$/agent-proxy/venv/lib/python3.7/site-packages/setuptools-40.8.0-py3.7.egg!/" />
        <root url="file://$USER_HOME$/agent-proxy/venv/lib/python3.7/site-packages/pip-19.0.3-py3.7.egg" />
        <root url="file://$USER_HOME$/Library/Caches/GoLand2019.3/python_stubs/1930398936" />
        <root url="file://$APPLICATION_PLUGINS_DIR$/python-ce/helpers/python-skeletons" />
        <root url="file://$APPLICATION_PLUGINS_DIR$/python-ce/helpers/typeshed/stdlib/3" />
        <root url="file://$APPLICATION_PLUGINS_DIR$/python-ce/helpers/typeshed/stdlib/2and3" />
        <root url="file://$APPLICATION_PLUGINS_DIR$/python-ce/helpers/typeshed/third_party/3" />
        <root url="file://$APPLICATION_PLUGINS_DIR$/python-ce/helpers/typeshed/third_party/2and3" />
      </CLASSES>
      <SOURCES>
        <root url="file:///usr/local/Cellar/python/3.7.7/Frameworks/Python.framework/Versions/3.7/lib/python3.7" />
        <root url="file:///usr/local/Cellar/python/3.7.7/Frameworks/Python.framework/Versions/3.7/lib/python3.7/lib-dynload" />
        <root url="file://$USER_HOME$/agent-proxy/venv/lib/python3.7/site-packages" />
        <root url="jar://$USER_HOME$/agent-proxy/venv/lib/python3.7/site-packages/setuptools-40.8.0-py3.7.egg!/" />
        <root url="file://$USER_HOME$/agent-proxy/venv/lib/python3.7/site-packages/pip-19.0.3-py3.7.egg" />
        <root url="file://$USER_HOME$/Library/Caches/GoLand2019.3/python_stubs/1930398936" />
        <root url="file://$APPLICATION_PLUGINS_DIR$/python-ce/helpers/python-skeletons" />
        <root url="file://$APPLICATION_PLUGINS_DIR$/python-ce/helpers/typeshed/stdlib/3" />
        <root url="file://$APPLICATION_PLUGINS_DIR$/python-ce/helpers/typeshed/stdlib/2and3" />
        <root url="file://$APPLICATION_PLUGINS_DIR$/python-ce/helpers/typeshed/third_party/3" />
        <root url="file://$APPLICATION_PLUGINS_DIR$/python-ce/helpers/typeshed/third_party/2and3" />
      </SOURCES>
    </library>
    <library name="Python 3.7 (agent-proxy) interpreter library">
      <CLASSES>
        <root url="file:///usr/local/Cellar/python/3.7.7/Frameworks/Python.framework/Versions/3.7/lib/python3.7" />
        <root url="file:///usr/local/Cellar/python/3.7.7/Frameworks/Python.framework/Versions/3.7/lib/python3.7/lib-dynload" />
        <root url="file://$USER_HOME$/agent-proxy/venv/lib/python3.7/site-packages" />
        <root url="jar://$USER_HOME$/agent-proxy/venv/lib/python3.7/site-packages/setuptools-40.8.0-py3.7.egg!/" />
        <root url="file://$USER_HOME$/agent-proxy/venv/lib/python3.7/site-packages/pip-19.0.3-py3.7.egg" />
        <root url="file://$USER_HOME$/Library/Caches/GoLand2019.3/python_stubs/1930398936" />
        <root url="file://$APPLICATION_PLUGINS_DIR$/python-ce/helpers/python-skeletons" />
        <root url="file://$APPLICATION_PLUGINS_DIR$/python-ce/helpers/typeshed/stdlib/3" />
        <root url="file://$APPLICATION_PLUGINS_DIR$/python-ce/helpers/typeshed/stdlib/2and3" />
        <root url="file://$APPLICATION_PLUGINS_DIR$/python-ce/helpers/typeshed/third_party/3" />
        <root url="file://$APPLICATION_PLUGINS_DIR$/python-ce/helpers/typeshed/third_party/2and3" />
      </CLASSES>
      <SOURCES>
        <root url="file:///usr/local/Cellar/python/3.7.7/Frameworks/Python.framework/Versions/3.7/lib/python3.7" />
        <root url="file:///usr/local/Cellar/python/3.7.7/Frameworks/Python.framework/Versions/3.7/lib/python3.7/lib-dynload" />
        <root url="file://$USER_HOME$/agent-proxy/venv/lib/python3.7/site-packages" />
        <root url="jar://$USER_HOME$/agent-proxy/venv/lib/python3.7/site-packages/setuptools-40.8.0-py3.7.egg!/" />
        <root url="file://$USER_HOME$/agent-proxy/venv/lib/python3.7/site-packages/pip-19.0.3-py3.7.egg" />
        <root url="file://$USER_HOME$/Library/Caches/GoLand2019.3/python_stubs/1930398936" />
        <root url="file://$APPLICATION_PLUGINS_DIR$/python-ce/helpers/python-skeletons" />
        <root url="file://$APPLICATION_PLUGINS_DIR$/python-ce/helpers/typeshed/stdlib/3" />
        <root url="file://$APPLICATION_PLUGINS_DIR$/python-ce/helpers/typeshed/stdlib/2and3" />
        <root url="file://$APPLICATION_PLUGINS_DIR$/python-ce/helpers/typeshed/third_party/3" />
        <root url="file://$APPLICATION_PLUGINS_DIR$/python-ce/helpers/typeshed/third_party/2and3" />
      </SOURCES>
    </library>
    <library name="Python 3.7 (agent-proxy) interpreter library">
      <CLASSES>
        <root url="file:///usr/local/Cellar/python/3.7.7/Frameworks/Python.framework/Versions/3.7/lib/python3.7" />
        <root url="file:///usr/local/Cellar/python/3.7.7/Frameworks/Python.framework/Versions/3.7/lib/python3.7/lib-dynload" />
        <root url="file://$USER_HOME$/agent-proxy/venv/lib/python3.7/site-packages" />
        <root url="jar://$USER_HOME$/agent-proxy/venv/lib/python3.7/site-packages/setuptools-40.8.0-py3.7.egg!/" />
        <root url="file://$USER_HOME$/agent-proxy/venv/lib/python3.7/site-packages/pip-19.0.3-py3.7.egg" />
        <root url="file://$USER_HOME$/Library/Caches/GoLand2019.3/python_stubs/1930398936" />
        <root url="file://$APPLICATION_PLUGINS_DIR$/python-ce/helpers/python-skeletons" />
        <root url="file://$APPLICATION_PLUGINS_DIR$/python-ce/helpers/typeshed/stdlib/3" />
        <root url="file://$APPLICATION_PLUGINS_DIR$/python-ce/helpers/typeshed/stdlib/2and3" />
        <root url="file://$APPLICATION_PLUGINS_DIR$/python-ce/helpers/typeshed/third_party/3" />
        <root url="file://$APPLICATION_PLUGINS_DIR$/python-ce/helpers/typeshed/third_party/2and3" />
      </CLASSES>
      <SOURCES>
        <root url="file:///usr/local/Cellar/python/3.7.7/Frameworks/Python.framework/Versions/3.7/lib/python3.7" />
        <root url="file:///usr/local/Cellar/python/3.7.7/Frameworks/Python.framework/Versions/3.7/lib/python3.7/lib-dynload" />
        <root url="file://$USER_HOME$/agent-proxy/venv/lib/python3.7/site-packages" />
        <root url="jar://$USER_HOME$/agent-proxy/venv/lib/python3.7/site-packages/setuptools-40.8.0-py3.7.egg!/" />
        <root url="file://$USER_HOME$/agent-proxy/venv/lib/python3.7/site-packages/pip-19.0.3-py3.7.egg" />
        <root url="file://$USER_HOME$/Library/Caches/GoLand2019.3/python_stubs/1930398936" />
        <root url="file://$APPLICATION_PLUGINS_DIR$/python-ce/helpers/python-skeletons" />
        <root url="file://$APPLICATION_PLUGINS_DIR$/python-ce/helpers/typeshed/stdlib/3" />
        <root url="file://$APPLICATION_PLUGINS_DIR$/python-ce/helpers/typeshed/stdlib/2and3" />
        <root url="file://$APPLICATION_PLUGINS_DIR$/python-ce/helpers/typeshed/third_party/3" />
        <root url="file://$APPLICATION_PLUGINS_DIR$/python-ce/helpers/typeshed/third_party/2and3" />
      </SOURCES>
    </library>
    <library name="Python 3.7 (agent-proxy) interpreter library">
      <CLASSES>
        <root url="file:///usr/local/Cellar/python/3.7.7/Frameworks/Python.framework/Versions/3.7/lib/python3.7" />
        <root url="file:///usr/local/Cellar/python/3.7.7/Frameworks/Python.framework/Versions/3.7/lib/python3.7/lib-dynload" />
        <root url="file://$USER_HOME$/agent-proxy/venv/lib/python3.7/site-packages" />
        <root url="jar://$USER_HOME$/agent-proxy/venv/lib/python3.7/site-packages/setuptools-40.8.0-py3.7.egg!/" />
        <root url="file://$USER_HOME$/agent-proxy/venv/lib/python3.7/site-packages/pip-19.0.3-py3.7.egg" />
        <root url="file://$USER_HOME$/Library/Caches/GoLand2019.3/python_stubs/1930398936" />
        <root url="file://$APPLICATION_PLUGINS_DIR$/python-ce/helpers/python-skeletons" />
        <root url="file://$APPLICATION_PLUGINS_DIR$/python-ce/helpers/typeshed/stdlib/3" />
        <root url="file://$APPLICATION_PLUGINS_DIR$/python-ce/helpers/typeshed/stdlib/2and3" />
        <root url="file://$APPLICATION_PLUGINS_DIR$/python-ce/helpers/typeshed/third_party/3" />
        <root url="file://$APPLICATION_PLUGINS_DIR$/python-ce/helpers/typeshed/third_party/2and3" />
      </CLASSES>
      <SOURCES>
        <root url="file:///usr/local/Cellar/python/3.7.7/Frameworks/Python.framework/Versions/3.7/lib/python3.7" />
        <root url="file:///usr/local/Cellar/python/3.7.7/Frameworks/Python.framework/Versions/3.7/lib/python3.7/lib-dynload" />
        <root url="file://$USER_HOME$/agent-proxy/venv/lib/python3.7/site-packages" />
        <root url="jar://$USER_HOME$/agent-proxy/venv/lib/python3.7/site-packages/setuptools-40.8.0-py3.7.egg!/" />
        <root url="file://$USER_HOME$/agent-proxy/venv/lib/python3.7/site-packages/pip-19.0.3-py3.7.egg" />
        <root url="file://$USER_HOME$/Library/Caches/GoLand2019.3/python_stubs/1930398936" />
        <root url="file://$APPLICATION_PLUGINS_DIR$/python-ce/helpers/python-skeletons" />
        <root url="file://$APPLICATION_PLUGINS_DIR$/python-ce/helpers/typeshed/stdlib/3" />
        <root url="file://$APPLICATION_PLUGINS_DIR$/python-ce/helpers/typeshed/stdlib/2and3" />
        <root url="file://$APPLICATION_PLUGINS_DIR$/python-ce/helpers/typeshed/third_party/3" />
        <root url="file://$APPLICATION_PLUGINS_DIR$/python-ce/helpers/typeshed/third_party/2and3" />
      </SOURCES>
    </library>
    <library name="Python 3.7 (agent-proxy) interpreter library">
      <CLASSES>
        <root url="file:///usr/local/Cellar/python/3.7.7/Frameworks/Python.framework/Versions/3.7/lib/python3.7" />
        <root url="file:///usr/local/Cellar/python/3.7.7/Frameworks/Python.framework/Versions/3.7/lib/python3.7/lib-dynload" />
        <root url="file://$USER_HOME$/agent-proxy/venv/lib/python3.7/site-packages" />
        <root url="jar://$USER_HOME$/agent-proxy/venv/lib/python3.7/site-packages/setuptools-40.8.0-py3.7.egg!/" />
        <root url="file://$USER_HOME$/agent-proxy/venv/lib/python3.7/site-packages/pip-19.0.3-py3.7.egg" />
        <root url="file://$USER_HOME$/Library/Caches/GoLand2019.3/python_stubs/1930398936" />
        <root url="file://$APPLICATION_PLUGINS_DIR$/python-ce/helpers/python-skeletons" />
        <root url="file://$APPLICATION_PLUGINS_DIR$/python-ce/helpers/typeshed/stdlib/3" />
        <root url="file://$APPLICATION_PLUGINS_DIR$/python-ce/helpers/typeshed/stdlib/2and3" />
        <root url="file://$APPLICATION_PLUGINS_DIR$/python-ce/helpers/typeshed/third_party/3" />
        <root url="file://$APPLICATION_PLUGINS_DIR$/python-ce/helpers/typeshed/third_party/2and3" />
      </CLASSES>
      <SOURCES>
        <root url="file:///usr/local/Cellar/python/3.7.7/Frameworks/Python.framework/Versions/3.7/lib/python3.7" />
        <root url="file:///usr/local/Cellar/python/3.7.7/Frameworks/Python.framework/Versions/3.7/lib/python3.7/lib-dynload" />
        <root url="file://$USER_HOME$/agent-proxy/venv/lib/python3.7/site-packages" />
        <root url="jar://$USER_HOME$/agent-proxy/venv/lib/python3.7/site-packages/setuptools-40.8.0-py3.7.egg!/" />
        <root url="file://$USER_HOME$/agent-proxy/venv/lib/python3.7/site-packages/pip-19.0.3-py3.7.egg" />
        <root url="file://$USER_HOME$/Library/Caches/GoLand2019.3/python_stubs/1930398936" />
        <root url="file://$APPLICATION_PLUGINS_DIR$/python-ce/helpers/python-skeletons" />
        <root url="file://$APPLICATION_PLUGINS_DIR$/python-ce/helpers/typeshed/stdlib/3" />
        <root url="file://$APPLICATION_PLUGINS_DIR$/python-ce/helpers/typeshed/stdlib/2and3" />
        <root url="file://$APPLICATION_PLUGINS_DIR$/python-ce/helpers/typeshed/third_party/3" />
        <root url="file://$APPLICATION_PLUGINS_DIR$/python-ce/helpers/typeshed/third_party/2and3" />
      </SOURCES>
    </library>
    <library name="Python 3.7 (agent-proxy) interpreter library">
      <CLASSES>
        <root url="file:///usr/local/Cellar/python/3.7.7/Frameworks/Python.framework/Versions/3.7/lib/python3.7" />
        <root url="file:///usr/local/Cellar/python/3.7.7/Frameworks/Python.framework/Versions/3.7/lib/python3.7/lib-dynload" />
        <root url="file://$USER_HOME$/agent-proxy/venv/lib/python3.7/site-packages" />
        <root url="jar://$USER_HOME$/agent-proxy/venv/lib/python3.7/site-packages/setuptools-40.8.0-py3.7.egg!/" />
        <root url="file://$USER_HOME$/agent-proxy/venv/lib/python3.7/site-packages/pip-19.0.3-py3.7.egg" />
        <root url="file://$USER_HOME$/Library/Caches/GoLand2019.3/python_stubs/1930398936" />
        <root url="file://$APPLICATION_PLUGINS_DIR$/python-ce/helpers/python-skeletons" />
        <root url="file://$APPLICATION_PLUGINS_DIR$/python-ce/helpers/typeshed/stdlib/3" />
        <root url="file://$APPLICATION_PLUGINS_DIR$/python-ce/helpers/typeshed/stdlib/2and3" />
        <root url="file://$APPLICATION_PLUGINS_DIR$/python-ce/helpers/typeshed/third_party/3" />
        <root url="file://$APPLICATION_PLUGINS_DIR$/python-ce/helpers/typeshed/third_party/2and3" />
      </CLASSES>
      <SOURCES>
        <root url="file:///usr/local/Cellar/python/3.7.7/Frameworks/Python.framework/Versions/3.7/lib/python3.7" />
        <root url="file:///usr/local/Cellar/python/3.7.7/Frameworks/Python.framework/Versions/3.7/lib/python3.7/lib-dynload" />
        <root url="file://$USER_HOME$/agent-proxy/venv/lib/python3.7/site-packages" />
        <root url="jar://$USER_HOME$/agent-proxy/venv/lib/python3.7/site-packages/setuptools-40.8.0-py3.7.egg!/" />
        <root url="file://$USER_HOME$/agent-proxy/venv/lib/python3.7/site-packages/pip-19.0.3-py3.7.egg" />
        <root url="file://$USER_HOME$/Library/Caches/GoLand2019.3/python_stubs/1930398936" />
        <root url="file://$APPLICATION_PLUGINS_DIR$/python-ce/helpers/python-skeletons" />
        <root url="file://$APPLICATION_PLUGINS_DIR$/python-ce/helpers/typeshed/stdlib/3" />
        <root url="file://$APPLICATION_PLUGINS_DIR$/python-ce/helpers/typeshed/stdlib/2and3" />
        <root url="file://$APPLICATION_PLUGINS_DIR$/python-ce/helpers/typeshed/third_party/3" />
        <root url="file://$APPLICATION_PLUGINS_DIR$/python-ce/helpers/typeshed/third_party/2and3" />
      </SOURCES>
    </library>
    <library name="Python 3.7 (agent-proxy) interpreter library">
      <CLASSES>
        <root url="file:///usr/local/Cellar/python/3.7.7/Frameworks/Python.framework/Versions/3.7/lib/python3.7" />
        <root url="file:///usr/local/Cellar/python/3.7.7/Frameworks/Python.framework/Versions/3.7/lib/python3.7/lib-dynload" />
        <root url="file://$USER_HOME$/agent-proxy/venv/lib/python3.7/site-packages" />
        <root url="jar://$USER_HOME$/agent-proxy/venv/lib/python3.7/site-packages/setuptools-40.8.0-py3.7.egg!/" />
        <root url="file://$USER_HOME$/agent-proxy/venv/lib/python3.7/site-packages/pip-19.0.3-py3.7.egg" />
        <root url="file://$USER_HOME$/Library/Caches/GoLand2019.3/python_stubs/1930398936" />
        <root url="file://$APPLICATION_PLUGINS_DIR$/python-ce/helpers/python-skeletons" />
        <root url="file://$APPLICATION_PLUGINS_DIR$/python-ce/helpers/typeshed/stdlib/3" />
        <root url="file://$APPLICATION_PLUGINS_DIR$/python-ce/helpers/typeshed/stdlib/2and3" />
        <root url="file://$APPLICATION_PLUGINS_DIR$/python-ce/helpers/typeshed/third_party/3" />
        <root url="file://$APPLICATION_PLUGINS_DIR$/python-ce/helpers/typeshed/third_party/2and3" />
      </CLASSES>
      <SOURCES>
        <root url="file:///usr/local/Cellar/python/3.7.7/Frameworks/Python.framework/Versions/3.7/lib/python3.7" />
        <root url="file:///usr/local/Cellar/python/3.7.7/Frameworks/Python.framework/Versions/3.7/lib/python3.7/lib-dynload" />
        <root url="file://$USER_HOME$/agent-proxy/venv/lib/python3.7/site-packages" />
        <root url="jar://$USER_HOME$/agent-proxy/venv/lib/python3.7/site-packages/setuptools-40.8.0-py3.7.egg!/" />
        <root url="file://$USER_HOME$/agent-proxy/venv/lib/python3.7/site-packages/pip-19.0.3-py3.7.egg" />
        <root url="file://$USER_HOME$/Library/Caches/GoLand2019.3/python_stubs/1930398936" />
        <root url="file://$APPLICATION_PLUGINS_DIR$/python-ce/helpers/python-skeletons" />
        <root url="file://$APPLICATION_PLUGINS_DIR$/python-ce/helpers/typeshed/stdlib/3" />
        <root url="file://$APPLICATION_PLUGINS_DIR$/python-ce/helpers/typeshed/stdlib/2and3" />
        <root url="file://$APPLICATION_PLUGINS_DIR$/python-ce/helpers/typeshed/third_party/3" />
        <root url="file://$APPLICATION_PLUGINS_DIR$/python-ce/helpers/typeshed/third_party/2and3" />
      </SOURCES>
    </library>
  </component>
</application>