<application>
  <component name="GoSdkList">
    <sdk-url>
      <set>
        <option value="" />
        <option value="file://" />
        <option value="file://$USER_HOME$/homebrew/Cellar/go@1.15/1.15.14/libexec" />
        <option value="file://$USER_HOME$/homebrew/opt/go@1.15/libexec" />
        <option value="file:///usr/local/Cellar/go/1.15.5/libexec" />
        <option value="file:///usr/local/Cellar/go/1.15.8/libexec" />
        <option value="file:///usr/local/go" />
        <option value="file:///usr/local/opt/go/libexec" />
      </set>
    </sdk-url>
  </component>
</application>