<application>
  <component name="GraziConfig">
    <option name="userDisabledRules">
      <set>
        <option value="ENGLISH_WORD_REPEAT_RULE" />
        <option value="MISSING_GENITIVE" />
        <option value="USELESS_THAT" />
      </set>
    </option>
    <option name="suppressingContext">
      <SuppressingContext>
        <option name="suppressed">
          <set>
            <option value="goroutines Goroutines" />
            <option value="transaction is aborted" />
          </set>
        </option>
      </SuppressingContext>
    </option>
  </component>
</application>