<application>
  <component name="MaterialThemeConfig">
    <option name="arrowsStyle" value="Plus-Minus" />
    <option name="compactDropdowns" value="true" />
    <option name="compactSidebar" value="true" />
    <option name="isCompactMenus" value="true" />
    <option name="isCompactStatusBar" value="true" />
    <option name="isCompactTables" value="true" />
    <option name="isWizardShown" value="true" />
    <option name="monochromeIcons" value="true" />
    <option name="overrideAccentColor" value="false" />
    <option name="pristineConfig" value="false" />
    <option name="statusBarTheme" value="false" />
    <option name="useMaterialIcons" value="false" />
    <option name="indicatorStyle" value="Dot" />
    <option name="highlightThickness" value="1" />
    <option name="tabsHeight" value="16" />
    <option name="accentColor" value="80cbc4" />
    <option name="selectedTheme" value="DARKER" />
    <option name="userId" value="-3294529e:16ed066abc3:-8000" />
    <option name="version" value="4.10.0" />
  </component>
</application>