<keymap version="1" name="macOS CUSTOM" parent="Mac OS X 10.5+">
  <action id="Back">
    <keyboard-shortcut first-keystroke="meta open_bracket" />
  </action>
  <action id="ChangesView.GroupBy.Directory" />
  <action id="ChangesView.Move" />
  <action id="ChangesView.SetDefault" />
  <action id="CheckinProject" />
  <action id="CommentByBlockComment" />
  <action id="CommentByLineComment">
    <keyboard-shortcut first-keystroke="meta slash" />
  </action>
  <action id="Console.TableResult.SetDefault" />
  <action id="Diff.ApplyLeftSide" />
  <action id="Diff.ApplyRightSide" />
  <action id="Diff.NextChange" />
  <action id="Diff.PrevChange" />
  <action id="EditorCutLineEnd" />
  <action id="EditorDown">
    <keyboard-shortcut first-keystroke="down" />
    <keyboard-shortcut first-keystroke="ctrl j" />
    <keyboard-shortcut first-keystroke="alt j" />
  </action>
  <action id="EditorLeft">
    <keyboard-shortcut first-keystroke="left" />
  </action>
  <action id="EditorLookupDown" />
  <action id="EditorLookupUp" />
  <action id="EditorUp">
    <keyboard-shortcut first-keystroke="up" />
    <keyboard-shortcut first-keystroke="alt k" />
    <keyboard-shortcut first-keystroke="ctrl k" />
  </action>
  <action id="Forward">
    <keyboard-shortcut first-keystroke="meta close_bracket" />
  </action>
  <action id="GoFmtFileAction">
    <keyboard-shortcut first-keystroke="shift meta alt f" />
    <keyboard-shortcut first-keystroke="ctrl comma" second-keystroke="f" />
  </action>
  <action id="GoImportsFileAction">
    <keyboard-shortcut first-keystroke="ctrl comma" second-keystroke="i" />
  </action>
  <action id="GotoAction">
    <keyboard-shortcut first-keystroke="alt x" />
  </action>
  <action id="GotoDeclaration">
    <keyboard-shortcut first-keystroke="meta b" />
    <mouse-shortcut keystroke="meta button1" />
  </action>
  <action id="GotoImplementation">
    <keyboard-shortcut first-keystroke="meta alt b" />
  </action>
  <action id="GotoLine" />
  <action id="GotoNextError">
    <keyboard-shortcut first-keystroke="f2" />
    <keyboard-shortcut first-keystroke="shift meta n" />
  </action>
  <action id="GotoPreviousError">
    <keyboard-shortcut first-keystroke="shift f2" />
    <keyboard-shortcut first-keystroke="shift meta p" />
  </action>
  <action id="Graph.ActualSize">
    <keyboard-shortcut first-keystroke="meta divide" />
  </action>
  <action id="HippieCompletion" />
  <action id="Images.Editor.ActualSize">
    <keyboard-shortcut first-keystroke="meta divide" />
  </action>
  <action id="InsertLiveTemplate" />
  <action id="Jdbc.OpenConsole.New" />
  <action id="JumpToLastChange" />
  <action id="MethodDown" />
  <action id="MethodUp" />
  <action id="NewScratchFile" />
  <action id="NextEditorTab" />
  <action id="NextTab">
    <keyboard-shortcut first-keystroke="shift meta close_bracket" />
    <keyboard-shortcut first-keystroke="alt l" />
  </action>
  <action id="PreviousEditorTab" />
  <action id="PreviousTab">
    <keyboard-shortcut first-keystroke="shift meta open_bracket" />
    <keyboard-shortcut first-keystroke="alt h" />
  </action>
  <action id="QuickImplementations">
    <keyboard-shortcut first-keystroke="meta y" />
  </action>
  <action id="QuickJavaDoc">
    <keyboard-shortcut first-keystroke="f1" />
    <mouse-shortcut keystroke="control button2" />
    <keyboard-shortcut first-keystroke="ctrl comma" second-keystroke="d" />
  </action>
  <action id="RenameElement">
    <keyboard-shortcut first-keystroke="shift f6" />
    <keyboard-shortcut first-keystroke="ctrl comma" second-keystroke="r" />
  </action>
  <action id="Replace" />
  <action id="RestoreDefaultLayout" />
  <action id="ServiceView.GroupByServiceGroups" />
  <action id="ShowContent" />
  <action id="ShowErrorDescription">
    <keyboard-shortcut first-keystroke="meta f1" />
    <keyboard-shortcut first-keystroke="ctrl comma" second-keystroke="e" />
  </action>
  <action id="ShowPopupMenu">
    <keyboard-shortcut first-keystroke="alt c" />
  </action>
  <action id="TodoViewGroupByShowPackages" />
  <action id="Unwrap">
    <keyboard-shortcut first-keystroke="shift meta delete" />
    <keyboard-shortcut first-keystroke="shift meta back_space" />
  </action>
  <action id="UsageGrouping.Directory" />
  <action id="Vcs.MoveChangedLinesToChangelist" />
  <action id="learn.next.lesson" />
</keymap>