<keymap version="1" name="macOS copy" parent="Mac OS X 10.5+">
  <action id="Back">
    <keyboard-shortcut first-keystroke="alt h" />
  </action>
  <action id="ChangesView.Move" />
  <action id="ChangesView.SetDefault" />
  <action id="CodeCompletion" />
  <action id="CommentByBlockComment">
    <keyboard-shortcut first-keystroke="shift meta divide" />
    <keyboard-shortcut first-keystroke="shift meta divide" />
  </action>
  <action id="Console.TableResult.SetDefault" />
  <action id="Diff.ApplyLeftSide" />
  <action id="Diff.ApplyRightSide" />
  <action id="Diff.NextChange" />
  <action id="Diff.PrevChange" />
  <action id="EditorLookupDown" />
  <action id="EditorLookupUp" />
  <action id="Forward">
    <keyboard-shortcut first-keystroke="alt l" />
  </action>
  <action id="GotoAction">
    <keyboard-shortcut first-keystroke="shift alt a" />
    <keyboard-shortcut first-keystroke="shift ctrl a" />
  </action>
  <action id="GotoLine" />
  <action id="MethodDown" />
  <action id="MethodUp" />
  <action id="NextEditorTab" />
  <action id="NextTab">
    <keyboard-shortcut first-keystroke="meta l" />
  </action>
  <action id="PreviousEditorTab" />
  <action id="PreviousTab">
    <keyboard-shortcut first-keystroke="meta h" />
  </action>
  <action id="RestoreDefaultLayout" />
  <action id="ShowContent" />
  <action id="Vcs.Log.FocusTextFilter" />
  <action id="Vcs.MoveChangedLinesToChangelist" />
  <action id="learn.next.lesson" />
</keymap>