<application>
  <component name="VimEditorSettings">
    <editor />
  </component>
  <component name="VimHistorySettings">
    <history>
      <history-search>
        <entry encoding="base64">XDxhdXRob3JpdHlcPg==</entry>
        <entry encoding="base64">XDxNb3JlXD4=</entry>
        <entry>)</entry>
        <entry>,</entry>
        <entry encoding="base64">XDxXT1c2NFw+</entry>
        <entry encoding="base64">XDxNYWNpbnRvc2hcPg==</entry>
        <entry encoding="base64">XDxjYWxsYmFja3F1ZXJ5Mlw+</entry>
        <entry encoding="base64">XDxkYXRlc1w+</entry>
        <entry>_</entry>
        <entry encoding="base64">XDxhcGlcPg==</entry>
        <entry>:</entry>
        <entry>search\.</entry>
        <entry>msg, err =</entry>
        <entry>MsgResponse</entry>
        <entry>] =</entry>
        <entry>uuid</entry>
        <entry encoding="base64">XDxJc05vdEV4aXN0XD4=</entry>
        <entry encoding="base64">XDxlbmFibGVcPg==</entry>
        <entry>enable</entry>
        <entry>api\.</entry>
      </history-search>
      <history-cmd>
        <entry encoding="base64">JzwsJz5zLykvLC8=</entry>
        <entry encoding="base64">JzwsJz5zLywvOg==</entry>
        <entry>ew</entry>
        <entry>q</entry>
        <entry>w\</entry>
        <entry encoding="base64">JzwsJz5zL18vIC8=</entry>
        <entry encoding="base64">JzwsJz5zL18vIC9n</entry>
        <entry encoding="base64">JzwsJz5zLzovLw==</entry>
        <entry encoding="base64">JzwsJz5zL3NlYXJjaFwuLy8=</entry>
        <entry encoding="base64">JzwsJz5zL21zZywgZXJyID0vcmV0dXJuLw==</entry>
        <entry encoding="base64">JzwsJz5zL01zZ1Jlc3BvbnNlL1Jlc3BvbnNl</entry>
        <entry encoding="base64">JzwsJz5zL01zZ1Jlc3BvbnNlL01zZw==</entry>
        <entry encoding="base64">JzwsJz5zL10gPS86Lw==</entry>
        <entry>s</entry>
        <entry>we</entry>
        <entry encoding="base64">JzwsJz5zL2FwaVwuL21vZGVsXC4v</entry>
        <entry>noh</entry>
        <entry>qa</entry>
        <entry>vsplit</entry>
        <entry>w</entry>
      </history-cmd>
      <history-expr />
      <history-input />
    </history>
  </component>
  <component name="VimKeySettings">
    <shortcut-conflicts>
      <shortcut-conflict owner="ide">
        <text>ctrl pressed K</text>
      </shortcut-conflict>
      <shortcut-conflict owner="ide">
        <text>ctrl pressed J</text>
      </shortcut-conflict>
      <shortcut-conflict owner="vim">
        <text>ctrl pressed D</text>
      </shortcut-conflict>
      <shortcut-conflict owner="vim">
        <text>ctrl pressed U</text>
      </shortcut-conflict>
      <shortcut-conflict owner="vim">
        <text>ctrl pressed E</text>
      </shortcut-conflict>
      <shortcut-conflict owner="vim">
        <text>ctrl pressed Y</text>
      </shortcut-conflict>
      <shortcut-conflict owner="ide">
        <text>ctrl pressed B</text>
      </shortcut-conflict>
      <shortcut-conflict owner="ide">
        <text>ctrl pressed L</text>
      </shortcut-conflict>
      <shortcut-conflict owner="ide">
        <text>ctrl pressed H</text>
      </shortcut-conflict>
      <shortcut-conflict owner="vim">
        <text>ctrl pressed A</text>
      </shortcut-conflict>
      <shortcut-conflict owner="vim">
        <text>ctrl pressed N</text>
      </shortcut-conflict>
      <shortcut-conflict owner="ide">
        <text>shift ctrl pressed 2</text>
      </shortcut-conflict>
      <shortcut-conflict owner="ide">
        <text>ctrl pressed C</text>
      </shortcut-conflict>
      <shortcut-conflict owner="vim">
        <text>ctrl pressed P</text>
      </shortcut-conflict>
      <shortcut-conflict owner="ide">
        <text>ctrl pressed F</text>
      </shortcut-conflict>
      <shortcut-conflict owner="ide">
        <text>ctrl pressed Q</text>
      </shortcut-conflict>
      <shortcut-conflict owner="ide">
        <text>ctrl pressed 2</text>
      </shortcut-conflict>
      <shortcut-conflict owner="vim">
        <text>ctrl pressed I</text>
      </shortcut-conflict>
      <shortcut-conflict owner="vim">
        <text>ctrl pressed W</text>
      </shortcut-conflict>
      <shortcut-conflict owner="vim">
        <text>ctrl pressed V</text>
      </shortcut-conflict>
      <shortcut-conflict owner="ide">
        <text>ctrl pressed T</text>
      </shortcut-conflict>
      <shortcut-conflict owner="vim">
        <text>ctrl pressed R</text>
      </shortcut-conflict>
      <shortcut-conflict owner="vim">
        <text>ctrl pressed O</text>
      </shortcut-conflict>
    </shortcut-conflicts>
  </component>
  <component name="VimMarksSettings">
    <globalmarks />
    <filemarks>
      <file name="$USER_HOME$/go/src/github.com/zzell/bbcar/vendor/github.com/soluchok/freeproxy/verification.go" timestamp="1591705061851">
        <mark key="'" line="14" column="20" />
        <mark key="[" line="14" column="0" />
        <mark key="]" line="61" column="1" />
      </file>
      <file name="$USER_HOME$/go/src/gitlab.connectwisedev.com/platform/unifiedgraph-service/schema/resolver/endpoint.go" timestamp="1591702352212">
        <mark key="'" line="66" column="0" />
        <mark key="[" line="54" column="0" />
        <mark key="]" line="60" column="13" />
        <mark key="." line="57" column="0" />
      </file>
      <file name="/usr/local/Cellar/go/1.14/libexec/src/net/http/httputil/persist.go" timestamp="1591700328598" />
      <file name="$USER_HOME$/go/src/github.com/zzell/bbcar/freeproxy/verification.go" timestamp="1591703536313">
        <mark key="[" line="11" column="16" />
        <mark key="]" line="11" column="27" />
        <mark key="." line="11" column="26" />
        <mark key="^" line="11" column="27" />
      </file>
      <file name="$USER_HOME$/go/src/github.com/zzell/bbcar/proxy/proxy.go" timestamp="1591708291833">
        <mark key="[" line="29" column="21" />
        <mark key="]" line="29" column="31" />
        <mark key="." line="29" column="21" />
        <mark key="^" line="12" column="66" />
      </file>
      <file name="$USER_HOME$/go/src/github.com/zzell/bbcar/freeproxy/providers/xseoin.go" timestamp="1591703544426">
        <mark key="[" line="12" column="16" />
        <mark key="]" line="12" column="21" />
        <mark key="." line="12" column="20" />
        <mark key="^" line="12" column="21" />
      </file>
      <file name="$USER_HOME$/go/src/github.com/zzell/bbcar/vendor/github.com/soluchok/freeproxy/proxygenerator.go" timestamp="1591703006074" />
      <file name="$USER_HOME$/go/src/github.com/zzell/bbcar/freeproxy/providers/hidemyname.go" timestamp="1591703556747" />
      <file name="$USER_HOME$/go/src/github.com/zzell/bbcar/bot/dialog/search/responder.go" timestamp="1591700003280">
        <mark key="'" line="54" column="0" />
        <mark key="[" line="125" column="46" />
        <mark key="]" line="125" column="46" />
        <mark key="." line="125" column="46" />
        <mark key="^" line="389" column="6" />
      </file>
      <file name="$USER_HOME$/go/src/gitlab.connectwisedev.com/platform/openapi-service/src/data/vendorRepository.go" timestamp="1591716711844">
        <mark key="[" line="57" column="0" />
        <mark key="]" line="57" column="19" />
        <mark key="." line="57" column="21" />
      </file>
      <file name="$USER_HOME$/go/src/github.com/zzell/bbcar/main.go" timestamp="1591708339446">
        <mark key="'" line="164" column="0" />
        <mark key="[" line="32" column="0" />
        <mark key="]" line="32" column="0" />
        <mark key="^" line="23" column="5" />
        <mark key="." line="32" column="0" />
      </file>
      <file name="$USER_HOME$/go/src/github.com/zzell/bbcar/config.json" timestamp="1591704446159">
        <mark key="[" line="2" column="8" />
        <mark key="]" line="2" column="12" />
        <mark key="^" line="2" column="12" />
        <mark key="." line="2" column="11" />
      </file>
      <file name="$USER_HOME$/go/src/github.com/zzell/bbcar/bot/scheduler/scheduler.go" timestamp="1591699746991">
        <mark key="[" line="18" column="0" />
        <mark key="]" line="18" column="26" />
        <mark key="." line="18" column="25" />
        <mark key="^" line="18" column="26" />
      </file>
      <file name="$USER_HOME$/go/src/gitlab.connectwisedev.com/platform/openapi-service/src/data/vendorRepository_test.go" timestamp="1591716739743">
        <mark key="[" line="63" column="33" />
        <mark key="]" line="63" column="40" />
        <mark key="." line="63" column="39" />
        <mark key="^" line="63" column="40" />
      </file>
      <file name="$USER_HOME$/go/src/github.com/zzell/bbcar/cfg/cfg.go" timestamp="1591704466747">
        <mark key="'" line="44" column="0" />
        <mark key="[" line="13" column="53" />
        <mark key="]" line="14" column="40" />
        <mark key="." line="14" column="39" />
        <mark key="^" line="14" column="40" />
      </file>
      <file name="$USER_HOME$/go/src/github.com/zzell/bbcar/api/session.go" timestamp="1591708295424">
        <mark key="'" line="44" column="0" />
        <mark key="[" line="57" column="20" />
        <mark key="]" line="57" column="31" />
        <mark key="^" line="77" column="14" />
        <mark key="." line="57" column="20" />
      </file>
      <file name="$USER_HOME$/go/src/github.com/zzell/bbcar/api/headers.go" timestamp="1591705011684">
        <mark key="'" line="2" column="7" />
        <mark key="[" line="41" column="0" />
        <mark key="]" line="42" column="47" />
        <mark key="." line="46" column="22" />
        <mark key="^" line="46" column="23" />
      </file>
      <file name="$USER_HOME$/go/src/github.com/zzell/bbcar/freeproxy/proxygenerator.go" timestamp="1591703637186">
        <mark key="[" line="10" column="0" />
        <mark key="]" line="10" column="0" />
        <mark key="." line="10" column="0" />
        <mark key="^" line="10" column="47" />
      </file>
      <file name="$USER_HOME$/go/src/gitlab.connectwisedev.com/platform/openapi-service/src/usecases/vendorUsecase_test.go" timestamp="1591709414626">
        <mark key="'" line="331" column="0" />
        <mark key="[" line="396" column="17" />
        <mark key="]" line="396" column="20" />
        <mark key="." line="396" column="19" />
        <mark key="^" line="396" column="20" />
      </file>
      <file name="$USER_HOME$/go/src/github.com/zzell/bbcar/proxy/verify.go" timestamp="1591722577274">
        <mark key="[" line="16" column="40" />
        <mark key="]" line="16" column="73" />
        <mark key="^" line="22" column="42" />
        <mark key="." line="22" column="36" />
      </file>
    </filemarks>
    <jumps>
      <jump line="18" column="4" filename="$USER_HOME$/go/src/github.com/zzell/bbcar/api/dispatcher.go" />
      <jump line="21" column="0" filename="$USER_HOME$/go/src/github.com/zzell/bbcar/api/dispatcher.go" />
      <jump line="32" column="0" filename="$USER_HOME$/go/src/github.com/zzell/bbcar/api/dispatcher.go" />
      <jump line="102" column="51" filename="$USER_HOME$/go/src/github.com/zzell/bbcar/bot/dispatcher.go" />
      <jump line="107" column="106" filename="$USER_HOME$/go/src/github.com/zzell/bbcar/bot/dispatcher.go" />
      <jump line="249" column="6" filename="$USER_HOME$/go/src/github.com/zzell/bbcar/bot/resolver.go" />
      <jump line="112" column="23" filename="$USER_HOME$/go/src/github.com/zzell/bbcar/bot/dialog.go" />
      <jump line="11" column="28" filename="$USER_HOME$/go/src/github.com/zzell/bbcar/bot/dialog.go" />
      <jump line="10" column="11" filename="$USER_HOME$/go/src/github.com/zzell/bbcar/session/manager.go" />
      <jump line="19" column="0" filename="$USER_HOME$/go/src/github.com/zzell/bbcar/session/manager.go" />
      <jump line="0" column="0" filename="$USER_HOME$/go/src/github.com/zzell/bbcar/session/manager.go" />
      <jump line="49" column="8" filename="$USER_HOME$/go/src/github.com/zzell/bbcar/bot/bot.go" />
      <jump line="71" column="10" filename="$USER_HOME$/go/src/github.com/zzell/bbcar/bot/dialog/search/responder.go" />
      <jump line="90" column="13" filename="$USER_HOME$/go/src/github.com/zzell/bbcar/bot/dialog/search/responder.go" />
      <jump line="160" column="19" filename="$USER_HOME$/go/src/github.com/zzell/bbcar/bot/bot.go" />
      <jump line="171" column="4" filename="$USER_HOME$/go/src/github.com/zzell/bbcar/bot/bot.go" />
      <jump line="350" column="15" filename="$USER_HOME$/go/src/github.com/zzell/bbcar/bot/dialog/search/responder.go" />
      <jump line="28" column="23" filename="$USER_HOME$/go/src/github.com/zzell/bbcar/bot/dialog/search/responder.go" />
      <jump line="18" column="4" filename="$USER_HOME$/go/src/github.com/zzell/bbcar/bot/dialog/search/responder.go" />
      <jump line="75" column="19" filename="$USER_HOME$/go/src/github.com/zzell/bbcar/bot/dialog/search/responder.go" />
      <jump line="49" column="22" filename="$USER_HOME$/go/src/github.com/zzell/bbcar/api/search.go" />
      <jump line="330" column="38" filename="$USER_HOME$/go/src/github.com/zzell/bbcar/bot/dialog/search/responder.go" />
      <jump line="51" column="26" filename="$USER_HOME$/go/src/github.com/zzell/bbcar/bot/bot.go" />
      <jump line="148" column="0" filename="$USER_HOME$/go/src/github.com/zzell/bbcar/bot/bot.go" />
      <jump line="79" column="0" filename="$USER_HOME$/go/src/github.com/zzell/bbcar/bot/bot.go" />
      <jump line="48" column="0" filename="$USER_HOME$/go/src/github.com/zzell/bbcar/db/db.go" />
      <jump line="111" column="16" filename="$USER_HOME$/go/src/github.com/zzell/bbcar/bot/dispatcher.go" />
      <jump line="144" column="0" filename="$USER_HOME$/go/src/github.com/zzell/bbcar/bot/dispatcher.go" />
      <jump line="82" column="41" filename="$USER_HOME$/go/src/github.com/zzell/bbcar/bot/scheduler/scheduler.go" />
      <jump line="15" column="25" filename="$USER_HOME$/go/src/github.com/zzell/bbcar/bot/scheduler/scheduler.go" />
      <jump line="86" column="13" filename="$USER_HOME$/go/src/github.com/zzell/bbcar/bot/scheduler/scheduler.go" />
      <jump line="47" column="0" filename="$USER_HOME$/go/src/github.com/zzell/bbcar/db/driver.go" />
      <jump line="26" column="0" filename="$USER_HOME$/go/src/github.com/zzell/bbcar/cfg/cfg.go" />
      <jump line="107" column="24" filename="$USER_HOME$/go/src/github.com/zzell/bbcar/api/search.go" />
      <jump line="83" column="14" filename="$USER_HOME$/go/src/github.com/zzell/bbcar/api/search.go" />
      <jump line="2" column="15" filename="$USER_HOME$/go/src/github.com/zzell/bbcar/translation/translator.go" />
      <jump line="13" column="0" filename="$USER_HOME$/go/src/github.com/zzell/bbcar/bot/scheduler/scheduler.go" />
      <jump line="9" column="0" filename="$USER_HOME$/go/src/github.com/zzell/bbcar/bot/scheduler/updater.go" />
      <jump line="55" column="0" filename="$USER_HOME$/go/src/github.com/zzell/bbcar/bot/scheduler/updater.go" />
      <jump line="36" column="0" filename="$USER_HOME$/go/src/github.com/zzell/bbcar/bot/scheduler/updater.go" />
      <jump line="1" column="0" filename="$USER_HOME$/go/src/github.com/zzell/bbcar/bot/scheduler/updater.go" />
      <jump line="43" column="50" filename="$USER_HOME$/go/src/github.com/zzell/bbcar/db/repository/params.go" />
      <jump line="78" column="53" filename="$USER_HOME$/go/src/github.com/zzell/bbcar/db/repository/params.go" />
      <jump line="11" column="0" filename="$USER_HOME$/go/src/github.com/zzell/bbcar/db/repository/params.go" />
      <jump line="26" column="4" filename="$USER_HOME$/go/src/github.com/zzell/bbcar/db/repository/trips.go" />
      <jump line="15" column="5" filename="$USER_HOME$/go/src/github.com/zzell/bbcar/db/repository/trips.go" />
      <jump line="21" column="0" filename="$USER_HOME$/go/src/github.com/zzell/bbcar/db/repository/trips.go" />
      <jump line="25" column="0" filename="$USER_HOME$/go/src/github.com/zzell/bbcar/db/repository/trips.go" />
      <jump line="4" column="4" filename="$USER_HOME$/go/src/github.com/zzell/bbcar/db/repository/trips.go" />
      <jump line="401" column="12" filename="$USER_HOME$/go/src/github.com/zzell/bbcar/bot/dialog/search/responder.go" />
      <jump line="198" column="18" filename="$USER_HOME$/go/src/github.com/zzell/bbcar/bot/scheduler/scheduler.go" />
      <jump line="167" column="26" filename="$USER_HOME$/go/src/github.com/zzell/bbcar/bot/scheduler/scheduler.go" />
      <jump line="64" column="35" filename="$USER_HOME$/go/src/github.com/zzell/bbcar/db/repository/search.go" />
      <jump line="2" column="19" filename="$USER_HOME$/go/src/github.com/zzell/bbcar/migration.txt" />
      <jump line="130" column="0" filename="$USER_HOME$/go/src/github.com/zzell/bbcar/db/repository/search.go" />
      <jump line="94" column="0" filename="$USER_HOME$/go/src/github.com/zzell/bbcar/db/repository/search.go" />
      <jump line="69" column="0" filename="$USER_HOME$/go/src/github.com/zzell/bbcar/logging/logger_test.go" />
      <jump line="6" column="0" filename="$USER_HOME$/go/src/github.com/zzell/bbcar/logging/logger_test.go" />
      <jump line="12" column="0" filename="$USER_HOME$/go/src/github.com/zzell/bbcar/logging/logger.go" />
      <jump line="263" column="46" filename="$USER_HOME$/go/src/github.com/zzell/bbcar/log/logger.go" />
      <jump line="264" column="0" filename="$USER_HOME$/go/src/github.com/zzell/bbcar/log/logger.go" />
      <jump line="250" column="8" filename="$USER_HOME$/go/src/github.com/zzell/bbcar/log/logger.go" />
      <jump line="23" column="22" filename="$USER_HOME$/go/src/github.com/zzell/bbcar/main.go" />
      <jump line="134" column="0" filename="$USER_HOME$/go/src/github.com/zzell/bbcar/main.go" />
      <jump line="208" column="0" filename="$USER_HOME$/go/src/github.com/zzell/bbcar/logging/logger.go" />
      <jump line="309" column="47" filename="$USER_HOME$/go/src/github.com/zzell/bbcar/logging/logger.go" />
      <jump line="96" column="33" filename="$USER_HOME$/go/src/github.com/zzell/bbcar/logs/2020-06-09T10:49:33.629067+03:00.log" />
      <jump line="406" column="33" filename="$USER_HOME$/go/src/github.com/zzell/bbcar/logs/2020-06-09T10:49:33.567719+03:00.log" />
      <jump line="411" column="0" filename="$USER_HOME$/go/src/github.com/zzell/bbcar/logs/2020-06-09T10:49:33.567719+03:00.log" />
      <jump line="255" column="28" filename="$USER_HOME$/go/src/github.com/zzell/bbcar/logging/logger.go" />
      <jump line="262" column="0" filename="$USER_HOME$/go/src/github.com/zzell/bbcar/logging/logger.go" />
      <jump line="289" column="0" filename="$USER_HOME$/go/src/github.com/zzell/bbcar/logging/logger.go" />
      <jump line="222" column="4" filename="$USER_HOME$/go/src/github.com/zzell/bbcar/logging/logger.go" />
      <jump line="90" column="14" filename="$USER_HOME$/go/src/github.com/zzell/bbcar/logging/logger.go" />
      <jump line="124" column="10" filename="$USER_HOME$/go/src/github.com/zzell/bbcar/logging/logger.go" />
      <jump line="215" column="10" filename="$USER_HOME$/go/src/github.com/zzell/bbcar/logging/logger.go" />
      <jump line="342" column="0" filename="$USER_HOME$/go/src/gitlab.connectwisedev.com/platform/openapi-service/src/services/vendorHandler_test.go" />
      <jump line="457" column="46" filename="$USER_HOME$/go/src/gitlab.connectwisedev.com/platform/openapi-service/src/services/vendorHandler_test.go" />
      <jump line="458" column="46" filename="$USER_HOME$/go/src/gitlab.connectwisedev.com/platform/openapi-service/src/services/vendorHandler_test.go" />
      <jump line="454" column="0" filename="$USER_HOME$/go/src/gitlab.connectwisedev.com/platform/openapi-service/src/services/vendorHandler_test.go" />
      <jump line="465" column="27" filename="$USER_HOME$/go/src/gitlab.connectwisedev.com/platform/openapi-service/src/services/vendorHandler_test.go" />
      <jump line="475" column="46" filename="$USER_HOME$/go/src/gitlab.connectwisedev.com/platform/openapi-service/src/services/vendorHandler_test.go" />
      <jump line="476" column="46" filename="$USER_HOME$/go/src/gitlab.connectwisedev.com/platform/openapi-service/src/services/vendorHandler_test.go" />
      <jump line="477" column="41" filename="$USER_HOME$/go/src/gitlab.connectwisedev.com/platform/openapi-service/src/services/vendorHandler_test.go" />
      <jump line="487" column="21" filename="$USER_HOME$/go/src/gitlab.connectwisedev.com/platform/openapi-service/src/services/vendorHandler_test.go" />
      <jump line="496" column="41" filename="$USER_HOME$/go/src/gitlab.connectwisedev.com/platform/openapi-service/src/services/vendorHandler_test.go" />
      <jump line="331" column="89" filename="$USER_HOME$/go/src/github.com/zzell/bbcar/bot/dialog/search/responder.go" />
      <jump line="346" column="27" filename="$USER_HOME$/go/src/github.com/zzell/bbcar/bot/dialog/search/responder.go" />
      <jump line="37" column="4" filename="$USER_HOME$/go/src/github.com/zzell/bbcar/bot/dialog/search/responder.go" />
      <jump line="382" column="0" filename="$USER_HOME$/go/src/github.com/zzell/bbcar/bot/dialog/search/responder.go" />
      <jump line="48" column="0" filename="$USER_HOME$/go/src/github.com/zzell/bbcar/bot/dialog/search/responder.go" />
      <jump line="57" column="4" filename="$USER_HOME$/go/src/github.com/zzell/bbcar/bot/dialog/search/responder.go" />
      <jump line="79" column="0" filename="$USER_HOME$/go/src/github.com/zzell/bbcar/bot/dialog/search/responder.go" />
      <jump line="76" column="0" filename="$USER_HOME$/go/src/github.com/zzell/bbcar/bot/dialog/search/responder.go" />
      <jump line="73" column="0" filename="$USER_HOME$/go/src/github.com/zzell/bbcar/bot/dialog/search/responder.go" />
      <jump line="68" column="0" filename="$USER_HOME$/go/src/github.com/zzell/bbcar/bot/dialog/search/responder.go" />
      <jump line="60" column="0" filename="$USER_HOME$/go/src/github.com/zzell/bbcar/bot/dialog/search/responder.go" />
      <jump line="56" column="0" filename="$USER_HOME$/go/src/github.com/zzell/bbcar/bot/dialog/search/responder.go" />
      <jump line="14" column="20" filename="$USER_HOME$/go/src/github.com/zzell/bbcar/vendor/github.com/soluchok/freeproxy/verification.go" />
      <jump line="331" column="0" filename="$USER_HOME$/go/src/gitlab.connectwisedev.com/platform/openapi-service/src/usecases/vendorUsecase_test.go" />
    </jumps>
  </component>
  <component name="VimRegisterSettings">
    <registers>
      <register name="a" type="4">
        <text>(r *Responder)</text>
      </register>
      <register name="&quot;" type="2">
        <text encoding="base64">CgkJZC4K</text>
      </register>
      <register name="b" type="2">
        <text encoding="base64">CXRvS2V5Ym9hcmRPcHRpb25zICAgW11zdHJpbmcK</text>
      </register>
      <register name="c" type="2">
        <text encoding="base64">CWZyb21LZXlib2FyZE9wdGlvbnMgW11zdHJpbmcK</text>
      </register>
      <register name="*" type="4">
        <text>https://api.ipify.org/?format=json</text>
      </register>
      <register name="-" type="4">
        <text>UpdatedAt</text>
      </register>
      <register name="/" type="4">
        <text>api\.</text>
      </register>
      <register name="0" type="4">
        <text>https://api.ipify.org/?format=json</text>
      </register>
      <register name="1" type="2">
        <text encoding="base64">CQkJCWdvbW9jay5BbnkoKSwK</text>
      </register>
      <register name="2" type="2">
        <text encoding="base64">Cg==</text>
      </register>
      <register name="3" type="2">
        <text encoding="base64">Cg==</text>
      </register>
      <register name="4" type="2">
        <text encoding="base64">CQl2ZW5kb3JSZXBvTW9jay5FWFBFQ1QoKS5SZWFkKGN0eCwgdmVuZG9ySUQpLlJldHVybihtb2RlbHMuVmVuZG9ye30sIG5pbCkK</text>
      </register>
      <register name="5" type="2">
        <text encoding="base64">CQl2ZW5kb3JSZXBvTW9jay5FWFBFQ1QoKS5SZWFkKGN0eCwgdmVuZG9ySUQpLlJldHVybihtb2RlbHMuVmVuZG9ye0VuYWJsZWQ6IHRydWV9LCBuaWwpCg==</text>
      </register>
      <register name="6" type="2">
        <text encoding="base64">CQkvLyB2ZW5kb3JSZXBvTW9jay5FWFBFQ1QoKS5VcGRhdGUoY3R4LCBnb21vY2suQW55KCkpLlJldHVybihuaWwpCg==</text>
      </register>
      <register name="7" type="2">
        <text encoding="base64">CQkJVmVuZG9ySUQ6ICAiIiwKCQkJTmFtZTogICAgICAiIiwKCQkJRW1haWw6ICAgICAiIiwKCQkJQ291bnRyeTogICAiIiwKCQkJQ3JlYXRlZEF0OiB0aW1lLlRpbWV7fSwKCQkJVXBkYXRlZEF0OiB0aW1lLlRpbWV7fSwK</text>
      </register>
      <register name="8" type="2">
        <text encoding="base64">CQkvLyB2ZW5kb3JSZXBvTW9jay5FWFBFQ1QoKS5VcGRhdGUoY3R4LCBnb21vY2suQW55KCkpLlJldHVybihuaWwpCg==</text>
      </register>
      <register name="9" type="2">
        <text encoding="base64">Cgo=</text>
      </register>
      <register name=":" type="4">
        <text>w</text>
      </register>
    </registers>
  </component>
  <component name="VimSearchSettings">
    <search>
      <last-search>api\.</last-search>
      <last-offset />
      <last-pattern>api\.</last-pattern>
      <last-replace>model\.</last-replace>
      <last-substitute>api\.</last-substitute>
      <last-dir>1</last-dir>
      <show-last>false</show-last>
    </search>
  </component>
  <component name="VimSettings">
    <state version="6" enabled="true" />
    <notifications>
      <idea-join enabled="true" />
      <idea-put enabled="true" />
    </notifications>
  </component>
</application>