<application>
  <component name="FileTypeManager" version="18">
    <extensionMap>
      <mapping pattern="CODEOWNERS" type="AUTO_DETECTED" />
      <mapping pattern="proto/Dockerfile" type="PLAIN_TEXT" />
      <mapping pattern=".env.example" type="PLAIN_TEXT" />
      <mapping pattern="safety-sterling-api" type="PLAIN_TEXT" />
      <mapping pattern=".env" type="PLAIN_TEXT" />
      <mapping pattern="put_values" type="PLAIN_TEXT" />
      <mapping pattern="sterling/sterling" type="PLAIN_TEXT" />
      <mapping ext="env" type="PLAIN_TEXT" />
      <mapping ext="monitoring" type="PLAIN_TEXT" />
      <mapping ext="up" type="PLAIN_TEXT" />
      <mapping ext="ovpn" type="PLAIN_TEXT" />
      <mapping ext="pem" type="PLAIN_TEXT" />
      <mapping ext="psql" type="SQL" />
      <mapping pattern="testdata/positive" type="YAML" />
      <mapping pattern="post_verify" type="YAML" />
    </extensionMap>
  </component>
</application>