<application>
  <component name="FindSettings">
    <option name="customScope" value="Project 'safety-check'" />
    <option name="defaultScopeName" value="Project 'safety-check'" />
    <option name="localCaseSensitive" value="true" />
    <option name="localRegularExpressions" value="true" />
    <option name="LOCAL_CASE_SENSITIVE_SEARCH" value="true" />
    <option name="LOCAL_REGULAR_EXPRESSIONS" value="true" />
    <option name="SEARCH_SCOPE" value="Project 'safety-check'" />
  </component>
</application>