<keymap version="1" name="Default copy" parent="Default for XWin">
  <action id="Back">
    <mouse-shortcut keystroke="button4" />
    <keyboard-shortcut first-keystroke="shift left" />
    <keyboard-shortcut first-keystroke="alt b" />
  </action>
  <action id="CharJumpAction">
    <keyboard-shortcut first-keystroke="alt comma" />
    <keyboard-shortcut first-keystroke="ctrl comma" />
  </action>
  <action id="CheckinProject" />
  <action id="EditorDown">
    <keyboard-shortcut first-keystroke="down" />
    <keyboard-shortcut first-keystroke="ctrl j" />
  </action>
  <action id="EditorLeft">
    <keyboard-shortcut first-keystroke="left" />
    <keyboard-shortcut first-keystroke="ctrl h" />
  </action>
  <action id="EditorLeftWithSelection" />
  <action id="EditorRight">
    <keyboard-shortcut first-keystroke="right" />
    <keyboard-shortcut first-keystroke="ctrl l" />
  </action>
  <action id="EditorUp">
    <keyboard-shortcut first-keystroke="up" />
    <keyboard-shortcut first-keystroke="ctrl k" />
  </action>
  <action id="Forward">
    <keyboard-shortcut first-keystroke="ctrl alt right" />
    <mouse-shortcut keystroke="button5" />
    <keyboard-shortcut first-keystroke="alt f" />
  </action>
  <action id="GoFmtFileAction">
    <keyboard-shortcut first-keystroke="shift ctrl alt f" />
    <keyboard-shortcut first-keystroke="ctrl comma" second-keystroke="f" />
  </action>
  <action id="GoImportsFileAction">
    <keyboard-shortcut first-keystroke="ctrl comma" second-keystroke="i" />
  </action>
  <action id="GoTypeHierarchyPopupMenu.BaseOnThisType" />
  <action id="InsertLiveTemplate" />
  <action id="KJumpAction.Char2">
    <keyboard-shortcut first-keystroke="ctrl semicolon" />
  </action>
  <action id="NextTab">
    <keyboard-shortcut first-keystroke="alt l" />
  </action>
  <action id="PreviousTab">
    <keyboard-shortcut first-keystroke="alt h" />
  </action>
  <action id="RemoteServers.EditDeploymentConfig">
    <keyboard-shortcut first-keystroke="ctrl numpad4" />
  </action>
  <action id="SelectNextOccurrence" />
  <action id="TypeHierarchy" />
  <action id="TypeHierarchyBase.BaseOnThisType" />
  <action id="emacsIDEAs.AceJump" />
</keymap>